source_sequence,cluster,cluster_name,local_id,declared_id,name,source_statement,canonical_id,review_status,domain,owner,priority,implementation_type,dependencies,inputs,outputs,policies,events,apis,data_requirements,security_level,roadmap_phase,disposition,canonical_interpretation,decision_notes
001,A,FISCAL & CAPITAL WEAPONIZATION,1,001,Banking OS,Direct interface with global and local FNB/commercial banking APIs.,001,UNREVIEWED,,,,,,,,,,,,,,CANONICAL_CANDIDATE,,
002,A,FISCAL & CAPITAL WEAPONIZATION,2,002,Vault-OS,High-security logic for managing the physical and digital War Chest.,002,UNREVIEWED,,,,,,,,,,,,,,CANONICAL_CANDIDATE,,
003,A,FISCAL & CAPITAL WEAPONIZATION,3,003,Tax-OS,Automated tax-shielding and compliance-optimization logic.,003,UNREVIEWED,,,,,,,,,,,,,,CANONICAL_CANDIDATE,,
004,A,FISCAL & CAPITAL WEAPONIZATION,4,004,Currency-Forge OS,"Minting, burning, and liquidity management of Dalizebo Credits (DZC).",004,UNREVIEWED,,,,,,,,,,,,,,CANONICAL_CANDIDATE,,
005,A,FISCAL & CAPITAL WEAPONIZATION,5,005,Investment-Sweep OS,Automated 40/40/20 capital allocation across diversified assets.,005,UNREVIEWED,,,,,,,,,,,,,,CANONICAL_CANDIDATE,,
006,A,FISCAL & CAPITAL WEAPONIZATION,6,006,Audit-Vigil OS,Real-time monitoring of every cent moving through the Medici Ledger.,006,UNREVIEWED,,,,,,,,,,,,,,CANONICAL_CANDIDATE,,
007,A,FISCAL & CAPITAL WEAPONIZATION,7,007,Profit-Extraction OS,Identifying and capturing high-margin liquidity from sub-entities.,007,UNREVIEWED,,,,,,,,,,,,,,CANONICAL_CANDIDATE,,
008,A,FISCAL & CAPITAL WEAPONIZATION,8,008,Capital-Allocation OS,Determining the highest-ROI deployment for available fiat/DZC.,008,UNREVIEWED,,,,,,,,,,,,,,CANONICAL_CANDIDATE,,
009,A,FISCAL & CAPITAL WEAPONIZATION,9,009,Equity-Capture OS,Managing internal holding company ownership and partner equity.,009,UNREVIEWED,,,,,,,,,,,,,,CANONICAL_CANDIDATE,,
010,A,FISCAL & CAPITAL WEAPONIZATION,10,010,Liquidity-Pool OS,"Maintaining the Citadel’s ""Internal Bank"" for rapid-response funding.",010,UNREVIEWED,,,,,,,,,,,,,,CANONICAL_CANDIDATE,,
011,A,FISCAL & CAPITAL WEAPONIZATION,11,011,Asset-Harden OS,Logic for transitioning digital liquidity into Jane Furse land/minerals.,011,UNREVIEWED,,,,,,,,,,,,,,CANONICAL_CANDIDATE,,
012,A,FISCAL & CAPITAL WEAPONIZATION,12,012,Director-Loan OS,Managing the tax-free recycling of capital via internal debt structures.,012,UNREVIEWED,,,,,,,,,,,,,,CANONICAL_CANDIDATE,,
013,A,FISCAL & CAPITAL WEAPONIZATION,13,013,Offshore-Shield OS,Automated rotation of assets to non-ZAR safety jurisdictions.,013,UNREVIEWED,,,,,,,,,,,,,,CANONICAL_CANDIDATE,,
014,A,FISCAL & CAPITAL WEAPONIZATION,14,014,Fiat-Hedge OS,Real-time hedging against Rand volatility via gold/stablecoins.,014,UNREVIEWED,,,,,,,,,,,,,,CANONICAL_CANDIDATE,,
015,A,FISCAL & CAPITAL WEAPONIZATION,15,015,Credit-Score OS,Monitoring internal and external creditworthiness of the Empire.,015,UNREVIEWED,,,,,,,,,,,,,,CANONICAL_CANDIDATE,,
016,A,FISCAL & CAPITAL WEAPONIZATION,16,016,Debt-Weaponization OS,Utilizing strategic credit lines to acquire competitor chokepoints.,016,UNREVIEWED,,,,,,,,,,,,,,CANONICAL_CANDIDATE,,
017,A,FISCAL & CAPITAL WEAPONIZATION,17,017,Medici-Ledger OS,The immutable blockchain-based core of all Imperial transactions.,017,UNREVIEWED,,,,,,,,,,,,,,CANONICAL_CANDIDATE,,
018,A,FISCAL & CAPITAL WEAPONIZATION,18,018,Wealth-Persistence OS,Long-term preservation logic for the 100-year plan.,018,UNREVIEWED,,,,,,,,,,,,,,CANONICAL_CANDIDATE,,
019,A,FISCAL & CAPITAL WEAPONIZATION,19,019,Arbitrage OS,High-frequency detection of price gaps in global/local markets.,019,UNREVIEWED,,,,,,,,,,,,,,CANONICAL_CANDIDATE,,
020,A,FISCAL & CAPITAL WEAPONIZATION,20,020,War-Chest OS,Terminal security protocols for the primary capital reserve.,020,UNREVIEWED,,,,,,,,,,,,,,CANONICAL_CANDIDATE,,
021,B,"COMMAND, CONTROL & AUTOMATION",1,021,Crown OS,The master executive layer governing the 20-layer stack.,021,UNREVIEWED,,,,,,,,,,,,,,CANONICAL_CANDIDATE,,
022,B,"COMMAND, CONTROL & AUTOMATION",2,022,Architect OS,"The primary interface for Imperator Lucas to issue ""Will"" directives.",022,UNREVIEWED,,,,,,,,,,,,,,CANONICAL_CANDIDATE,,
023,B,"COMMAND, CONTROL & AUTOMATION",3,023,Regency OS,Governance and logic for Level 2 partner-tier operations.,023,UNREVIEWED,,,,,,,,,,,,,,CANONICAL_CANDIDATE,,
024,B,"COMMAND, CONTROL & AUTOMATION",4,024,Kiro-OS,Automation of daily strategic sprints and task queues.,024,UNREVIEWED,,,,,,,,,,,,,,CANONICAL_CANDIDATE,,
025,B,"COMMAND, CONTROL & AUTOMATION",5,025,Servitor-OS,"Specialized bots for executing repetitive ""Zero-Touch"" tasks.",025,UNREVIEWED,,,,,,,,,,,,,,CANONICAL_CANDIDATE,,
026,B,"COMMAND, CONTROL & AUTOMATION",6,026,Programming-OS,Autonomous code-generation and refactoring core.,026,UNREVIEWED,,,,,,,,,,,,,,CANONICAL_CANDIDATE,,
027,B,"COMMAND, CONTROL & AUTOMATION",7,027,Repository OS,Managing the Digital Citadel’s GitHub and private code vaults.,027,UNREVIEWED,,,,,,,,,,,,,,CANONICAL_CANDIDATE,,
028,B,"COMMAND, CONTROL & AUTOMATION",8,028,Cloud-OS,Orchestration of global server infrastructure (Vercel/AWS/Edge).,028,UNREVIEWED,,,,,,,,,,,,,,CANONICAL_CANDIDATE,,
029,B,"COMMAND, CONTROL & AUTOMATION",9,029,Deployment OS,Automated CI/CD pipelines for pushing Imperial software.,029,UNREVIEWED,,,,,,,,,,,,,,CANONICAL_CANDIDATE,,
030,B,"COMMAND, CONTROL & AUTOMATION",10,030,Edge-Function OS,Managing low-latency logic at the regional consumer-hive level.,030,UNREVIEWED,,,,,,,,,,,,,,CANONICAL_CANDIDATE,,
031,B,"COMMAND, CONTROL & AUTOMATION",11,031,Cron-Job OS,Scheduling recursive logic audits and loop triggers.,031,UNREVIEWED,,,,,,,,,,,,,,CANONICAL_CANDIDATE,,
032,B,"COMMAND, CONTROL & AUTOMATION",12,032,Automation-Pipe OS,The data-plumbing connecting physical sensors to digital logic.,032,UNREVIEWED,,,,,,,,,,,,,,CANONICAL_CANDIDATE,,
033,B,"COMMAND, CONTROL & AUTOMATION",13,033,Monitoring OS,24/7 uptime and security vigil for every Citadel node.,033,UNREVIEWED,,,,,,,,,,,,,,CANONICAL_CANDIDATE,,
034,B,"COMMAND, CONTROL & AUTOMATION",14,034,Error-Correction OS,Automated debugging of logic and code inconsistencies.,034,UNREVIEWED,,,,,,,,,,,,,,CANONICAL_CANDIDATE,,
035,B,"COMMAND, CONTROL & AUTOMATION",15,035,Scale-OS,Managing the non-linear growth of Imperial systems.,035,UNREVIEWED,,,,,,,,,,,,,,CANONICAL_CANDIDATE,,
036,B,"COMMAND, CONTROL & AUTOMATION",16,036,Optimization OS,Continuous speed and efficiency tuning of the 269 modules.,036,UNREVIEWED,,,,,,,,,,,,,,CANONICAL_CANDIDATE,,
037,B,"COMMAND, CONTROL & AUTOMATION",17,037,Load-Balance OS,Distributing compute resources based on regional traffic spikes.,037,UNREVIEWED,,,,,,,,,,,,,,CANONICAL_CANDIDATE,,
038,B,"COMMAND, CONTROL & AUTOMATION",18,038,Security OS,Zero-trust encryption and authentication for the Regency.,038,UNREVIEWED,,,,,,,,,,,,,,CANONICAL_CANDIDATE,,
039,B,"COMMAND, CONTROL & AUTOMATION",19,039,Firewall OS,Hardened digital defenses against state-actor or competitor probes.,039,UNREVIEWED,,,,,,,,,,,,,,CANONICAL_CANDIDATE,,
040,B,"COMMAND, CONTROL & AUTOMATION",20,040,Encryption OS,Managing the lattice-based keys for the Vault.,040,UNREVIEWED,,,,,,,,,,,,,,CANONICAL_CANDIDATE,,
041,B,"COMMAND, CONTROL & AUTOMATION",21,041,Protocol OS,Standardizing communication between all 20 layers.,041,UNREVIEWED,,,,,,,,,,,,,,CANONICAL_CANDIDATE,,
042,B,"COMMAND, CONTROL & AUTOMATION",22,042,Identity OS,"Managing the ""Imperial Personas"" and high-level digital identities.",042,UNREVIEWED,,,,,,,,,,,,,,CANONICAL_CANDIDATE,,
043,B,"COMMAND, CONTROL & AUTOMATION",23,043,Access-Control OS,Granular permission logic for Regency and Servitor nodes.,043,UNREVIEWED,,,,,,,,,,,,,,CANONICAL_CANDIDATE,,
044,B,"COMMAND, CONTROL & AUTOMATION",24,044,Stealth OS,Obfuscating the Citadel’s traffic to prevent industrial espionage.,044,UNREVIEWED,,,,,,,,,,,,,,CANONICAL_CANDIDATE,,
045,B,"COMMAND, CONTROL & AUTOMATION",25,045,Jurisdiction OS,Real-time routing of data to legally safe geographic nodes.,045,UNREVIEWED,,,,,,,,,,,,,,CANONICAL_CANDIDATE,,
046,B,"COMMAND, CONTROL & AUTOMATION",26,046,Compliance OS,Automated legal auditing of all regional activities.,046,UNREVIEWED,,,,,,,,,,,,,,CANONICAL_CANDIDATE,,
047,B,"COMMAND, CONTROL & AUTOMATION",27,047,Legal-Bot OS,Drafting and filing contracts and permits via Government OS.,047,UNREVIEWED,,,,,,,,,,,,,,CANONICAL_CANDIDATE,,
048,B,"COMMAND, CONTROL & AUTOMATION",28,048,Contract OS,Managing the lifecycle of all Imperial and Partner agreements.,048,UNREVIEWED,,,,,,,,,,,,,,CANONICAL_CANDIDATE,,
049,B,"COMMAND, CONTROL & AUTOMATION",29,049,Governance OS,Code-based enforcement of the 207 Pillars.,049,UNREVIEWED,,,,,,,,,,,,,,CANONICAL_CANDIDATE,,
050,B,"COMMAND, CONTROL & AUTOMATION",30,050,Executive-Action OS,"The ""Trigger"" module for major strategic maneuvers.",050,UNREVIEWED,,,,,,,,,,,,,,CANONICAL_CANDIDATE,,
051,C,"INTELLIGENCE, STRATEGY & INFLUENCE",1,051,Sentiment OS,Analyzing global and local perception of the Brand Hive.,051,UNREVIEWED,,,,,,,,,,,,,,CANONICAL_CANDIDATE,,
052,C,"INTELLIGENCE, STRATEGY & INFLUENCE",2,052,Narrative OS,"Engineering the ""Mythic Story"" of the Architect.",052,UNREVIEWED,,,,,,,,,,,,,,CANONICAL_CANDIDATE,,
053,C,"INTELLIGENCE, STRATEGY & INFLUENCE",3,053,Mind-Virus OS,Designing self-replicating linguistic slogans for mass adoption.,053,UNREVIEWED,,,,,,,,,,,,,,CANONICAL_CANDIDATE,,
054,C,"INTELLIGENCE, STRATEGY & INFLUENCE",4,054,Propaganda OS,Strategic定义 of reality through broadcasting channels.,054,UNREVIEWED,,,,,,,,,,,,,,CANONICAL_CANDIDATE,,
055,C,"INTELLIGENCE, STRATEGY & INFLUENCE",5,055,Psych-Prime OS,Conditioning consumer behavior through Interface OS triggers.,055,UNREVIEWED,,,,,,,,,,,,,,CANONICAL_CANDIDATE,,
056,C,"INTELLIGENCE, STRATEGY & INFLUENCE",6,056,Marketing OS,"Automated deployment of ""Cultural Skins"" for arbitrage.",056,UNREVIEWED,,,,,,,,,,,,,,CANONICAL_CANDIDATE,,
057,C,"INTELLIGENCE, STRATEGY & INFLUENCE",7,057,Viral-Loop OS,Engineering content that achieves exponential attention growth.,057,UNREVIEWED,,,,,,,,,,,,,,CANONICAL_CANDIDATE,,
058,C,"INTELLIGENCE, STRATEGY & INFLUENCE",8,058,Customer-Capture OS,Logic for converting public attention into DZC transactions.,058,UNREVIEWED,,,,,,,,,,,,,,CANONICAL_CANDIDATE,,
059,C,"INTELLIGENCE, STRATEGY & INFLUENCE",9,059,Brand-Authority OS,"Establishing and defending the ""Imperial Quality"" standard.",059,UNREVIEWED,,,,,,,,,,,,,,CANONICAL_CANDIDATE,,
060,C,"INTELLIGENCE, STRATEGY & INFLUENCE",10,060,Legend-Build OS,Managing the historical narrative for 100-year succession.,060,UNREVIEWED,,,,,,,,,,,,,,CANONICAL_CANDIDATE,,
061,C,"INTELLIGENCE, STRATEGY & INFLUENCE",11,061,Simulation-Warfare OS,Stress-testing strategic plans in virtual market models.,061,UNREVIEWED,,,,,,,,,,,,,,CANONICAL_CANDIDATE,,
062,C,"INTELLIGENCE, STRATEGY & INFLUENCE",12,062,Game-Theory OS,Calculating Nash-equilibrium outcomes for alliances and wars.,062,UNREVIEWED,,,,,,,,,,,,,,CANONICAL_CANDIDATE,,
063,C,"INTELLIGENCE, STRATEGY & INFLUENCE",13,063,Competitor-Analysis OS,"Indexing rival P&L, hardware, and logic to find bugs.",063,UNREVIEWED,,,,,,,,,,,,,,CANONICAL_CANDIDATE,,
064,C,"INTELLIGENCE, STRATEGY & INFLUENCE",14,064,Espionage OS,Discreet scraping of unlisted regional intelligence.,064,UNREVIEWED,,,,,,,,,,,,,,CANONICAL_CANDIDATE,,
065,C,"INTELLIGENCE, STRATEGY & INFLUENCE",15,065,Recon OS,Mapping the physical terrain of Jane Furse and SADC.,065,UNREVIEWED,,,,,,,,,,,,,,CANONICAL_CANDIDATE,,
066,C,"INTELLIGENCE, STRATEGY & INFLUENCE",16,066,Information-Vacuum OS,Total ingestion and indexing of all regional data signals.,066,UNREVIEWED,,,,,,,,,,,,,,CANONICAL_CANDIDATE,,
067,C,"INTELLIGENCE, STRATEGY & INFLUENCE",17,067,Signal-Filter OS,"Aggressive removal of ""Noise"" to find ""Unlimited IQ"" data.",067,UNREVIEWED,,,,,,,,,,,,,,CANONICAL_CANDIDATE,,
068,C,"INTELLIGENCE, STRATEGY & INFLUENCE",18,068,Logic-Chain OS,Syllogistic verification of all strategic drafts.,068,UNREVIEWED,,,,,,,,,,,,,,CANONICAL_CANDIDATE,,
069,C,"INTELLIGENCE, STRATEGY & INFLUENCE",19,069,Reasoning OS,Philosophical vetting of the Empire’s long-term direction.,069,UNREVIEWED,,,,,,,,,,,,,,CANONICAL_CANDIDATE,,
070,C,"INTELLIGENCE, STRATEGY & INFLUENCE",20,070,Synthesis OS,Aggregating data from all 269 modules into a single solution.,070,UNREVIEWED,,,,,,,,,,,,,,CANONICAL_CANDIDATE,,
071,C,"INTELLIGENCE, STRATEGY & INFLUENCE",21,071,Decision-Matrix OS,"Weighing ROI, risk, and Pillar-alignment for moves.",071,UNREVIEWED,,,,,,,,,,,,,,CANONICAL_CANDIDATE,,
072,C,"INTELLIGENCE, STRATEGY & INFLUENCE",22,072,Strategy-Draft OS,"Generating the ""Imperial Blueprint"" for the next cycle.",072,UNREVIEWED,,,,,,,,,,,,,,CANONICAL_CANDIDATE,,
073,C,"INTELLIGENCE, STRATEGY & INFLUENCE",23,073,Tactical-Execution OS,The kinetic link for Regency Layer deployments.,073,UNREVIEWED,,,,,,,,,,,,,,CANONICAL_CANDIDATE,,
074,C,"INTELLIGENCE, STRATEGY & INFLUENCE",24,074,Conquest-Map OS,Real-time geospatial visualization of Imperial dominance.,074,UNREVIEWED,,,,,,,,,,,,,,CANONICAL_CANDIDATE,,
075,C,"INTELLIGENCE, STRATEGY & INFLUENCE",25,075,Empire-Growth OS,Managing the modular replication of Citadel nodes.,075,UNREVIEWED,,,,,,,,,,,,,,CANONICAL_CANDIDATE,,
076,C,"INTELLIGENCE, STRATEGY & INFLUENCE",26,076,Sovereign OS,The logic of absolute independence from external authorities.,076,UNREVIEWED,,,,,,,,,,,,,,CANONICAL_CANDIDATE,,
077,C,"INTELLIGENCE, STRATEGY & INFLUENCE",27,077,Hegemony OS,Managing the structural capture of regional industries.,077,UNREVIEWED,,,,,,,,,,,,,,CANONICAL_CANDIDATE,,
078,C,"INTELLIGENCE, STRATEGY & INFLUENCE",28,078,Shadow-Strategy OS,Covert maneuvers that bypass public/competitor detection.,078,UNREVIEWED,,,,,,,,,,,,,,CANONICAL_CANDIDATE,,
079,C,"INTELLIGENCE, STRATEGY & INFLUENCE",29,079,Alliance OS,Managing proxies and Level 2 partnership tiers.,079,UNREVIEWED,,,,,,,,,,,,,,CANONICAL_CANDIDATE,,
080,C,"INTELLIGENCE, STRATEGY & INFLUENCE",30,080,Neutral-Harbor OS,"Establishing safe zones in UAE, CH, and lunar nodes.",080,UNREVIEWED,,,,,,,,,,,,,,CANONICAL_CANDIDATE,,
081,C,"INTELLIGENCE, STRATEGY & INFLUENCE",31,081,Quantum-Safe OS,Implementing lattice-based security across all modules.,081,UNREVIEWED,,,,,,,,,,,,,,CANONICAL_CANDIDATE,,
082,C,"INTELLIGENCE, STRATEGY & INFLUENCE",32,082,Lattice-Crypt OS,Managing the math for post-quantum Vault security.,082,UNREVIEWED,,,,,,,,,,,,,,CANONICAL_CANDIDATE,,
083,C,"INTELLIGENCE, STRATEGY & INFLUENCE",33,083,Archive OS,"The 1,000-year storage logic for the Imperial Codex.",083,UNREVIEWED,,,,,,,,,,,,,,CANONICAL_CANDIDATE,,
084,C,"INTELLIGENCE, STRATEGY & INFLUENCE",34,084,Knowledge OS,Indexing the 345 Library Entries for RAG ingestion.,084,UNREVIEWED,,,,,,,,,,,,,,CANONICAL_CANDIDATE,,
085,C,"INTELLIGENCE, STRATEGY & INFLUENCE",35,085,Imperial-Library OS,The raw data-bank of every strategic vector.,085,UNREVIEWED,,,,,,,,,,,,,,CANONICAL_CANDIDATE,,
086,C,"INTELLIGENCE, STRATEGY & INFLUENCE",36,086,Succession OS,Logic for command transfer and 100-year plan continuity.,086,UNREVIEWED,,,,,,,,,,,,,,CANONICAL_CANDIDATE,,
087,C,"INTELLIGENCE, STRATEGY & INFLUENCE",37,087,Digital-Lucas Node,The AI mirror of the Imperator’s strategic consciousness.,087,UNREVIEWED,,,,,,,,,,,,,,CANONICAL_CANDIDATE,,
088,C,"INTELLIGENCE, STRATEGY & INFLUENCE",38,088,Neural-Mirror OS,Capturing real-time decisions to update AI weights.,088,UNREVIEWED,,,,,,,,,,,,,,CANONICAL_CANDIDATE,,
089,C,"INTELLIGENCE, STRATEGY & INFLUENCE",39,089,Biological-Fidelity OS,Ensuring 99.9% alignment between human and AI logic.,089,UNREVIEWED,,,,,,,,,,,,,,CANONICAL_CANDIDATE,,
090,C,"INTELLIGENCE, STRATEGY & INFLUENCE",40,090,Pattern-Match OS,Identifying historical Titan successes in current data.,090,UNREVIEWED,,,,,,,,,,,,,,CANONICAL_CANDIDATE,,
091,C,"INTELLIGENCE, STRATEGY & INFLUENCE",41,091,Memory-Bank OS,Storing high-ROI logic patterns for recursive reuse.,091,UNREVIEWED,,,,,,,,,,,,,,CANONICAL_CANDIDATE,,
092,C,"INTELLIGENCE, STRATEGY & INFLUENCE",42,092,Legacy OS,Managing the multi-generational impact of the Empire.,092,UNREVIEWED,,,,,,,,,,,,,,CANONICAL_CANDIDATE,,
093,C,"INTELLIGENCE, STRATEGY & INFLUENCE",43,093,Time-Horizon OS,Projecting systemic consequences 100 years into the future.,093,UNREVIEWED,,,,,,,,,,,,,,CANONICAL_CANDIDATE,,
094,C,"INTELLIGENCE, STRATEGY & INFLUENCE",44,094,Predictive-Crisis OS,"Forecasting ""Black Swans"" before they hit SADC.",094,UNREVIEWED,,,,,,,,,,,,,,CANONICAL_CANDIDATE,,
095,C,"INTELLIGENCE, STRATEGY & INFLUENCE",45,095,Black-Swan OS,Defensive protocols for systemic survival during chaos.,095,UNREVIEWED,,,,,,,,,,,,,,CANONICAL_CANDIDATE,,
096,C,"INTELLIGENCE, STRATEGY & INFLUENCE",46,096,Stability OS,Maintaining equilibrium across all 269 modules.,096,UNREVIEWED,,,,,,,,,,,,,,CANONICAL_CANDIDATE,,
097,C,"INTELLIGENCE, STRATEGY & INFLUENCE",47,097,Equilibrium OS,Balancing growth velocity against structural integrity.,097,UNREVIEWED,,,,,,,,,,,,,,CANONICAL_CANDIDATE,,
098,C,"INTELLIGENCE, STRATEGY & INFLUENCE",48,098,Singularity OS,Planning the transition to absolute strategic autonomy.,098,UNREVIEWED,,,,,,,,,,,,,,CANONICAL_CANDIDATE,,
099,C,"INTELLIGENCE, STRATEGY & INFLUENCE",49,099,Evolution OS,Automated systemic mutation based on environment shifts.,099,UNREVIEWED,,,,,,,,,,,,,,CANONICAL_CANDIDATE,,
100,C,"INTELLIGENCE, STRATEGY & INFLUENCE",50,100,Omega OS,The terminal sequence for the Centurion Singularity.,100,UNREVIEWED,,,,,,,,,,,,,,CANONICAL_CANDIDATE,,
101,D,"PHYSICAL, LOGISTICAL & ENVIRONMENTAL",1,101,Mining OS,Automated mineral prospecting and extraction logic.,101,UNREVIEWED,,,,,,,,,,,,,,CANONICAL_CANDIDATE,,
102,D,"PHYSICAL, LOGISTICAL & ENVIRONMENTAL",2,102,Rare-Earth OS,Managing the chokepoint supply of lithium/platinum.,102,UNREVIEWED,,,,,,,,,,,,,,CANONICAL_CANDIDATE,,
103,D,"PHYSICAL, LOGISTICAL & ENVIRONMENTAL",3,103,Energy OS,The master logic for Imperial power independence.,103,UNREVIEWED,,,,,,,,,,,,,,CANONICAL_CANDIDATE,,
104,D,"PHYSICAL, LOGISTICAL & ENVIRONMENTAL",4,104,Solar-Grid OS,24/7 monitoring and optimization of Jane Furse solar nodes.,104,UNREVIEWED,,,,,,,,,,,,,,CANONICAL_CANDIDATE,,
105,D,"PHYSICAL, LOGISTICAL & ENVIRONMENTAL",5,105,Battery-Storage OS,Managing reserves for 100% uptime in the Citadel/Lab.,105,UNREVIEWED,,,,,,,,,,,,,,CANONICAL_CANDIDATE,,
106,D,"PHYSICAL, LOGISTICAL & ENVIRONMENTAL",6,106,Extraction OS,Technical chemical leach and refinement logic.,106,UNREVIEWED,,,,,,,,,,,,,,CANONICAL_CANDIDATE,,
107,D,"PHYSICAL, LOGISTICAL & ENVIRONMENTAL",7,107,Refinery OS,Converting raw Jane Furse minerals into high-purity assets.,107,UNREVIEWED,,,,,,,,,,,,,,CANONICAL_CANDIDATE,,
108,D,"PHYSICAL, LOGISTICAL & ENVIRONMENTAL",8,108,Production OS,Managing the hardware assembly lines in the lab.,108,UNREVIEWED,,,,,,,,,,,,,,CANONICAL_CANDIDATE,,
109,D,"PHYSICAL, LOGISTICAL & ENVIRONMENTAL",9,109,Manufacturing OS,3D printing and modular building protocols.,109,UNREVIEWED,,,,,,,,,,,,,,CANONICAL_CANDIDATE,,
110,D,"PHYSICAL, LOGISTICAL & ENVIRONMENTAL",10,110,Hardware OS,Managing the physical chassis of every Imperial bot/sensor.,110,UNREVIEWED,,,,,,,,,,,,,,CANONICAL_CANDIDATE,,
111,D,"PHYSICAL, LOGISTICAL & ENVIRONMENTAL",11,111,Robotics OS,Central command for autonomous physical agents.,111,UNREVIEWED,,,,,,,,,,,,,,CANONICAL_CANDIDATE,,
112,D,"PHYSICAL, LOGISTICAL & ENVIRONMENTAL",12,112,Actuator OS,Precision calibration of kinetic drone/bot movements.,112,UNREVIEWED,,,,,,,,,,,,,,CANONICAL_CANDIDATE,,
113,D,"PHYSICAL, LOGISTICAL & ENVIRONMENTAL",13,113,Drone-Swarm OS,Mesh communication logic for fleet coordination.,113,UNREVIEWED,,,,,,,,,,,,,,CANONICAL_CANDIDATE,,
114,D,"PHYSICAL, LOGISTICAL & ENVIRONMENTAL",14,114,Fleet OS,Logistical management of Imperial courier vehicles/drones.,114,UNREVIEWED,,,,,,,,,,,,,,CANONICAL_CANDIDATE,,
115,D,"PHYSICAL, LOGISTICAL & ENVIRONMENTAL",15,115,Logistics OS,"The routing engine for the ""Ghost-Route"" corridors.",115,UNREVIEWED,,,,,,,,,,,,,,CANONICAL_CANDIDATE,,
116,D,"PHYSICAL, LOGISTICAL & ENVIRONMENTAL",16,116,Supply-Chain OS,Real-time tracking of every atom from mine to market.,116,UNREVIEWED,,,,,,,,,,,,,,CANONICAL_CANDIDATE,,
117,D,"PHYSICAL, LOGISTICAL & ENVIRONMENTAL",17,117,Warehousing OS,Managing the Ghost-Node lockers across SADC.,117,UNREVIEWED,,,,,,,,,,,,,,CANONICAL_CANDIDATE,,
118,D,"PHYSICAL, LOGISTICAL & ENVIRONMENTAL",18,118,Inventory OS,Real-time digital thermal and stock heatmaps.,118,UNREVIEWED,,,,,,,,,,,,,,CANONICAL_CANDIDATE,,
119,D,"PHYSICAL, LOGISTICAL & ENVIRONMENTAL",19,119,Procurement OS,Automated ordering of parts via DZC internally.,119,UNREVIEWED,,,,,,,,,,,,,,CANONICAL_CANDIDATE,,
120,D,"PHYSICAL, LOGISTICAL & ENVIRONMENTAL",20,120,Courier OS,The terminal logic for Last-Mile chain of custody.,120,UNREVIEWED,,,,,,,,,,,,,,CANONICAL_CANDIDATE,,
121,D,"PHYSICAL, LOGISTICAL & ENVIRONMENTAL",21,121,Ghost-Node OS,Concealment and access logic for regional lockers.,121,UNREVIEWED,,,,,,,,,,,,,,CANONICAL_CANDIDATE,,
122,D,"PHYSICAL, LOGISTICAL & ENVIRONMENTAL",22,122,Locker OS,Physical access-control for SADC consumer pickups.,122,UNREVIEWED,,,,,,,,,,,,,,CANONICAL_CANDIDATE,,
123,D,"PHYSICAL, LOGISTICAL & ENVIRONMENTAL",23,123,Regional-Trade OS,Managing SADC border latency and tariff arbitrage.,123,UNREVIEWED,,,,,,,,,,,,,,CANONICAL_CANDIDATE,,
124,D,"PHYSICAL, LOGISTICAL & ENVIRONMENTAL",24,124,SADC-Rail OS,Capturing logistics rails for bulk mineral transport.,124,UNREVIEWED,,,,,,,,,,,,,,CANONICAL_CANDIDATE,,
125,D,"PHYSICAL, LOGISTICAL & ENVIRONMENTAL",25,125,Corridor OS,Dominance logic for the Beitbridge-to-Maputo paths.,125,UNREVIEWED,,,,,,,,,,,,,,CANONICAL_CANDIDATE,,
126,D,"PHYSICAL, LOGISTICAL & ENVIRONMENTAL",26,126,Property OS,Managing the unlisted Jane Furse acreage portfolio.,126,UNREVIEWED,,,,,,,,,,,,,,CANONICAL_CANDIDATE,,
127,D,"PHYSICAL, LOGISTICAL & ENVIRONMENTAL",27,127,Land-Title OS,Digital mirroring of physical deeds on the blockchain.,127,UNREVIEWED,,,,,,,,,,,,,,CANONICAL_CANDIDATE,,
128,D,"PHYSICAL, LOGISTICAL & ENVIRONMENTAL",28,128,Agriculture OS,Autonomous farming for Regency food sovereignty.,128,UNREVIEWED,,,,,,,,,,,,,,CANONICAL_CANDIDATE,,
129,D,"PHYSICAL, LOGISTICAL & ENVIRONMENTAL",29,129,Water-Source OS,Bore-hole management and filtration sovereignty.,129,UNREVIEWED,,,,,,,,,,,,,,CANONICAL_CANDIDATE,,
130,D,"PHYSICAL, LOGISTICAL & ENVIRONMENTAL",30,130,Construction OS,Modular expansion logic for lab and Citadel nodes.,130,UNREVIEWED,,,,,,,,,,,,,,CANONICAL_CANDIDATE,,
131,D,"PHYSICAL, LOGISTICAL & ENVIRONMENTAL",31,131,Infrastructure OS,Managing the energy/comms grid of the Empire.,131,UNREVIEWED,,,,,,,,,,,,,,CANONICAL_CANDIDATE,,
132,D,"PHYSICAL, LOGISTICAL & ENVIRONMENTAL",32,132,Smart-City OS,Integrating Citadel logic into municipal infrastructure.,132,UNREVIEWED,,,,,,,,,,,,,,CANONICAL_CANDIDATE,,
133,D,"PHYSICAL, LOGISTICAL & ENVIRONMENTAL",33,133,Zoning OS,Identifying rezoning opportunities before they are public.,133,UNREVIEWED,,,,,,,,,,,,,,CANONICAL_CANDIDATE,,
134,D,"PHYSICAL, LOGISTICAL & ENVIRONMENTAL",34,134,Urban-Capture OS,Logic for converting urban assets into Imperial nodes.,134,UNREVIEWED,,,,,,,,,,,,,,CANONICAL_CANDIDATE,,
135,D,"PHYSICAL, LOGISTICAL & ENVIRONMENTAL",35,135,Rural-Anchor OS,Dominance of the agricultural and mineral heartlands.,135,UNREVIEWED,,,,,,,,,,,,,,CANONICAL_CANDIDATE,,
136,D,"PHYSICAL, LOGISTICAL & ENVIRONMENTAL",36,136,Satellite OS,Operating the spectral sensors in the Orbital Layer.,136,UNREVIEWED,,,,,,,,,,,,,,CANONICAL_CANDIDATE,,
137,D,"PHYSICAL, LOGISTICAL & ENVIRONMENTAL",37,137,Orbital OS,Logic for Star-Link redundancy and cosmic storage.,137,UNREVIEWED,,,,,,,,,,,,,,CANONICAL_CANDIDATE,,
138,D,"PHYSICAL, LOGISTICAL & ENVIRONMENTAL",38,138,Star-Link OS,High-speed communication logic for off-grid nodes.,138,UNREVIEWED,,,,,,,,,,,,,,CANONICAL_CANDIDATE,,
139,D,"PHYSICAL, LOGISTICAL & ENVIRONMENTAL",39,139,Geospatial OS,3D mapping of every competitor and asset in SADC.,139,UNREVIEWED,,,,,,,,,,,,,,CANONICAL_CANDIDATE,,
140,D,"PHYSICAL, LOGISTICAL & ENVIRONMENTAL",40,140,Mapping OS,Visualizing the digital twin of the entire region.,140,UNREVIEWED,,,,,,,,,,,,,,CANONICAL_CANDIDATE,,
141,D,"PHYSICAL, LOGISTICAL & ENVIRONMENTAL",41,141,Climate OS,Predicting weather shifts to optimize solar yield.,141,UNREVIEWED,,,,,,,,,,,,,,CANONICAL_CANDIDATE,,
142,D,"PHYSICAL, LOGISTICAL & ENVIRONMENTAL",42,142,Environment OS,Minimizing the Citadel’s biological and fiscal footprint.,142,UNREVIEWED,,,,,,,,,,,,,,CANONICAL_CANDIDATE,,
143,D,"PHYSICAL, LOGISTICAL & ENVIRONMENTAL",43,143,Sustainability OS,Long-term resource recovery and carbon-tax hedging.,143,UNREVIEWED,,,,,,,,,,,,,,CANONICAL_CANDIDATE,,
144,D,"PHYSICAL, LOGISTICAL & ENVIRONMENTAL",44,144,Resource-Recovery OS,Extracting gold/copper from internal e-waste.,144,UNREVIEWED,,,,,,,,,,,,,,CANONICAL_CANDIDATE,,
145,D,"PHYSICAL, LOGISTICAL & ENVIRONMENTAL",45,145,Disaster-Recovery OS,Protocols for restoring the Empire after physical shock.,145,UNREVIEWED,,,,,,,,,,,,,,CANONICAL_CANDIDATE,,
146,D,"PHYSICAL, LOGISTICAL & ENVIRONMENTAL",46,146,Maintenance OS,Dispatching bots for hardware repair in the lab.,146,UNREVIEWED,,,,,,,,,,,,,,CANONICAL_CANDIDATE,,
147,D,"PHYSICAL, LOGISTICAL & ENVIRONMENTAL",47,147,Quality-Control OS,Ensuring 100% fidelity in every code-push and product.,147,UNREVIEWED,,,,,,,,,,,,,,CANONICAL_CANDIDATE,,
148,D,"PHYSICAL, LOGISTICAL & ENVIRONMENTAL",48,148,Safety OS,Protecting the biological and physical nodes of the Empire.,148,UNREVIEWED,,,,,,,,,,,,,,CANONICAL_CANDIDATE,,
149,D,"PHYSICAL, LOGISTICAL & ENVIRONMENTAL",49,149,Hazard-Check OS,Weekly scan of physical nodes for thermal/dust damage.,149,UNREVIEWED,,,,,,,,,,,,,,CANONICAL_CANDIDATE,,
150,D,"PHYSICAL, LOGISTICAL & ENVIRONMENTAL",50,150,Field-Agent OS,Logic for the Regency Layer’s physical regional moves.,150,UNREVIEWED,,,,,,,,,,,,,,CANONICAL_CANDIDATE,,
151,E,SPECIALIZED & DOMAIN DOMINANCE,1,151,Health OS,Monitoring the biological status of the Imperator/Regency.,151,UNREVIEWED,,,,,,,,,,,,,,CANONICAL_CANDIDATE,,
152,E,SPECIALIZED & DOMAIN DOMINANCE,2,152,Biology OS,Managing the genetic and circadian protocols.,152,UNREVIEWED,,,,,,,,,,,,,,CANONICAL_CANDIDATE,,
153,E,SPECIALIZED & DOMAIN DOMINANCE,3,153,Bio-Metric OS,Fingerprint/Ocular/Neural-ID for Vault access.,153,UNREVIEWED,,,,,,,,,,,,,,CANONICAL_CANDIDATE,,
154,E,SPECIALIZED & DOMAIN DOMINANCE,4,154,Nootropic OS,Logic for optimizing the Imperator's strategic IQ.,154,UNREVIEWED,,,,,,,,,,,,,,CANONICAL_CANDIDATE,,
155,E,SPECIALIZED & DOMAIN DOMINANCE,5,155,Peak-Flow OS,Capturing and extending Alpha-state work windows.,155,UNREVIEWED,,,,,,,,,,,,,,CANONICAL_CANDIDATE,,
156,E,SPECIALIZED & DOMAIN DOMINANCE,6,156,Circadian OS,Tuning lighting/tasks to the biological clock.,156,UNREVIEWED,,,,,,,,,,,,,,CANONICAL_CANDIDATE,,
157,E,SPECIALIZED & DOMAIN DOMINANCE,7,157,Sleep OS,Optimizing REM cycles for cognitive regeneration.,157,UNREVIEWED,,,,,,,,,,,,,,CANONICAL_CANDIDATE,,
158,E,SPECIALIZED & DOMAIN DOMINANCE,8,158,Nutrition OS,Managed biological fuel for the Regency Layer.,158,UNREVIEWED,,,,,,,,,,,,,,CANONICAL_CANDIDATE,,
159,E,SPECIALIZED & DOMAIN DOMINANCE,9,159,Exercise OS,Maintaining the physical vessel of the Imperator.,159,UNREVIEWED,,,,,,,,,,,,,,CANONICAL_CANDIDATE,,
160,E,SPECIALIZED & DOMAIN DOMINANCE,10,160,Longevity OS,Long-term biological preservation strategies.,160,UNREVIEWED,,,,,,,,,,,,,,CANONICAL_CANDIDATE,,
161,E,SPECIALIZED & DOMAIN DOMINANCE,11,161,Mental-Health OS,"Resilience logic for the Regency during ""Wartime"".",161,UNREVIEWED,,,,,,,,,,,,,,CANONICAL_CANDIDATE,,
162,E,SPECIALIZED & DOMAIN DOMINANCE,12,162,Resilience OS,"Auditing the psychological ""Black-Swan"" preparedness.",162,UNREVIEWED,,,,,,,,,,,,,,CANONICAL_CANDIDATE,,
163,E,SPECIALIZED & DOMAIN DOMINANCE,13,163,Stoic OS,Logic for maintaining logic under regional pressure.,163,UNREVIEWED,,,,,,,,,,,,,,CANONICAL_CANDIDATE,,
164,E,SPECIALIZED & DOMAIN DOMINANCE,14,164,Meditation OS,"Protocols for biological ""Unlimited IQ"" focus.",164,UNREVIEWED,,,,,,,,,,,,,,CANONICAL_CANDIDATE,,
165,E,SPECIALIZED & DOMAIN DOMINANCE,15,165,Focus OS,Automated blocking of non-strategic noise.,165,UNREVIEWED,,,,,,,,,,,,,,CANONICAL_CANDIDATE,,
166,E,SPECIALIZED & DOMAIN DOMINANCE,16,166,Language OS,Managing the Imperial linguistic standards.,166,UNREVIEWED,,,,,,,,,,,,,,CANONICAL_CANDIDATE,,
167,E,SPECIALIZED & DOMAIN DOMINANCE,17,167,Sepedi OS,The technical and trust dialect of the Jane Furse lab.,167,UNREVIEWED,,,,,,,,,,,,,,CANONICAL_CANDIDATE,,
168,E,SPECIALIZED & DOMAIN DOMINANCE,18,168,Translation OS,"Automated localized ""Skins"" for 10 nations.",168,UNREVIEWED,,,,,,,,,,,,,,CANONICAL_CANDIDATE,,
169,E,SPECIALIZED & DOMAIN DOMINANCE,19,169,Linguistic-Moat OS,Using dialect-specific terms to hide intent.,169,UNREVIEWED,,,,,,,,,,,,,,CANONICAL_CANDIDATE,,
170,E,SPECIALIZED & DOMAIN DOMINANCE,20,170,Semantic OS,Mapping keyword dominance in regional search/social.,170,UNREVIEWED,,,,,,,,,,,,,,CANONICAL_CANDIDATE,,
171,E,SPECIALIZED & DOMAIN DOMINANCE,21,171,Manipulation OS,Engineering social outcomes via the Mind-Virus.,171,UNREVIEWED,,,,,,,,,,,,,,CANONICAL_CANDIDATE,,
172,E,SPECIALIZED & DOMAIN DOMINANCE,22,172,Persuasion OS,Cognitive nudges for the Consumer-Hive UI.,172,UNREVIEWED,,,,,,,,,,,,,,CANONICAL_CANDIDATE,,
173,E,SPECIALIZED & DOMAIN DOMINANCE,23,173,Rhetoric OS,Designing fallacy-proof rebuttals for public defense.,173,UNREVIEWED,,,,,,,,,,,,,,CANONICAL_CANDIDATE,,
174,E,SPECIALIZED & DOMAIN DOMINANCE,24,174,Diplomacy OS,Managing relationships with proxy Level 2 partners.,174,UNREVIEWED,,,,,,,,,,,,,,CANONICAL_CANDIDATE,,
175,E,SPECIALIZED & DOMAIN DOMINANCE,25,175,Negotiation OS,Automated status-signaling logic for deals.,175,UNREVIEWED,,,,,,,,,,,,,,CANONICAL_CANDIDATE,,
176,E,SPECIALIZED & DOMAIN DOMINANCE,26,176,Conflict-Resolution OS,Solving partner disputes before they hit the Medici Ledger.,176,UNREVIEWED,,,,,,,,,,,,,,CANONICAL_CANDIDATE,,
177,E,SPECIALIZED & DOMAIN DOMINANCE,27,177,Arbitration OS,Internal system-verdict on contractual failures.,177,UNREVIEWED,,,,,,,,,,,,,,CANONICAL_CANDIDATE,,
178,E,SPECIALIZED & DOMAIN DOMINANCE,28,178,Court OS,Managing the Law-Fare OS offense/defense.,178,UNREVIEWED,,,,,,,,,,,,,,CANONICAL_CANDIDATE,,
179,E,SPECIALIZED & DOMAIN DOMINANCE,29,179,Law-Fare OS,Offensive legal strikes against contractual breach.,179,UNREVIEWED,,,,,,,,,,,,,,CANONICAL_CANDIDATE,,
180,E,SPECIALIZED & DOMAIN DOMINANCE,30,180,Evidence OS,Hardened digital logs for use in legal arbitration.,180,UNREVIEWED,,,,,,,,,,,,,,CANONICAL_CANDIDATE,,
181,E,SPECIALIZED & DOMAIN DOMINANCE,31,181,Media OS,Managing the 24/7 Imperial content machine.,181,UNREVIEWED,,,,,,,,,,,,,,CANONICAL_CANDIDATE,,
182,E,SPECIALIZED & DOMAIN DOMINANCE,32,182,Broadcasting OS,"Engineering the ""Imperial Signal"" across SADC.",182,UNREVIEWED,,,,,,,,,,,,,,CANONICAL_CANDIDATE,,
183,E,SPECIALIZED & DOMAIN DOMINANCE,33,183,Cinema OS,Generating high-res mythic archetypal imagery.,183,UNREVIEWED,,,,,,,,,,,,,,CANONICAL_CANDIDATE,,
184,E,SPECIALIZED & DOMAIN DOMINANCE,34,184,Music OS,Designing binaural auditory focus environments.,184,UNREVIEWED,,,,,,,,,,,,,,CANONICAL_CANDIDATE,,
185,E,SPECIALIZED & DOMAIN DOMINANCE,35,185,Audio-Prime OS,Frequency-coded soundscapes for checkout velocity.,185,UNREVIEWED,,,,,,,,,,,,,,CANONICAL_CANDIDATE,,
186,E,SPECIALIZED & DOMAIN DOMINANCE,36,186,Video OS,Managing high-prestige multimedia output.,186,UNREVIEWED,,,,,,,,,,,,,,CANONICAL_CANDIDATE,,
187,E,SPECIALIZED & DOMAIN DOMINANCE,37,187,Picture OS,Gaze-analysis logic for e-commerce heatmaps.,187,UNREVIEWED,,,,,,,,,,,,,,CANONICAL_CANDIDATE,,
188,E,SPECIALIZED & DOMAIN DOMINANCE,38,188,Design OS,Maintaining the Imperial UI Kit standardization.,188,UNREVIEWED,,,,,,,,,,,,,,CANONICAL_CANDIDATE,,
189,E,SPECIALIZED & DOMAIN DOMINANCE,39,189,Aesthetic OS,Logic for trust-signaling color/font profiles.,189,UNREVIEWED,,,,,,,,,,,,,,CANONICAL_CANDIDATE,,
190,E,SPECIALIZED & DOMAIN DOMINANCE,40,190,Art OS,localized cultural arbitrage via AI-mural series.,190,UNREVIEWED,,,,,,,,,,,,,,CANONICAL_CANDIDATE,,
191,E,SPECIALIZED & DOMAIN DOMINANCE,41,191,Retail OS,Dominating the physical SADC consumer nodes.,191,UNREVIEWED,,,,,,,,,,,,,,CANONICAL_CANDIDATE,,
192,E,SPECIALIZED & DOMAIN DOMINANCE,42,192,POS OS,High-speed physical checkout and DZC integration.,192,UNREVIEWED,,,,,,,,,,,,,,CANONICAL_CANDIDATE,,
193,E,SPECIALIZED & DOMAIN DOMINANCE,43,193,Consumer-Hive OS,Managing the daily essential-need dependency.,193,UNREVIEWED,,,,,,,,,,,,,,CANONICAL_CANDIDATE,,
194,E,SPECIALIZED & DOMAIN DOMINANCE,44,194,Shopping OS,Dopamine-engineered e-commerce experience.,194,UNREVIEWED,,,,,,,,,,,,,,CANONICAL_CANDIDATE,,
195,E,SPECIALIZED & DOMAIN DOMINANCE,45,195,E-commerce OS,The core transactional portal of the Empire.,195,UNREVIEWED,,,,,,,,,,,,,,CANONICAL_CANDIDATE,,
196,E,SPECIALIZED & DOMAIN DOMINANCE,46,196,Payment-Gateway OS,"Owning the ""Rails"" between buyer and Vault.",196,UNREVIEWED,,,,,,,,,,,,,,CANONICAL_CANDIDATE,,
197,E,SPECIALIZED & DOMAIN DOMINANCE,47,197,Ecosystem OS,Managing the synergy between all Imperial products.,197,UNREVIEWED,,,,,,,,,,,,,,CANONICAL_CANDIDATE,,
198,E,SPECIALIZED & DOMAIN DOMINANCE,48,198,Platform OS,Scaling the Imperial Signal to millions of nodes.,198,UNREVIEWED,,,,,,,,,,,,,,CANONICAL_CANDIDATE,,
199,E,SPECIALIZED & DOMAIN DOMINANCE,49,199,Membership OS,Managing tiered exclusivity for Level 2 partners.,199,UNREVIEWED,,,,,,,,,,,,,,CANONICAL_CANDIDATE,,
200,E,SPECIALIZED & DOMAIN DOMINANCE,50,200,Loyalty OS,Variable reward loops for Hive-node retention.,200,UNREVIEWED,,,,,,,,,,,,,,CANONICAL_CANDIDATE,,
201,F,"ADVANCED, META & TERMINAL",1,201,Data OS,The master ingestion and indexing engine.,201,UNREVIEWED,,,,,,,,,,,,,,CANONICAL_CANDIDATE,,
202,F,"ADVANCED, META & TERMINAL",2,202,Vector-DB OS,Managing high-speed strategic RAG retrieval.,202,UNREVIEWED,,,,,,,,,,,,,,CANONICAL_CANDIDATE,,
203,F,"ADVANCED, META & TERMINAL",3,203,RAG OS,Contextualizing the Library entries for the Lucas Node.,203,UNREVIEWED,,,,,,,,,,,,,,CANONICAL_CANDIDATE,,
204,F,"ADVANCED, META & TERMINAL",4,204,Inference OS,Real-time strategic reasoning co-processing.,204,UNREVIEWED,,,,,,,,,,,,,,CANONICAL_CANDIDATE,,
205,F,"ADVANCED, META & TERMINAL",5,205,Model-Train OS,Automated re-training of Lucas Node logic.,205,UNREVIEWED,,,,,,,,,,,,,,CANONICAL_CANDIDATE,,
206,F,"ADVANCED, META & TERMINAL",6,206,Android OS,Mobile-Engine logic for regional smartphone dominance.,206,UNREVIEWED,,,,,,,,,,,,,,CANONICAL_CANDIDATE,,
207,F,"ADVANCED, META & TERMINAL",7,207,iOS OS,Managing high-prestige consumer nodes.,207,UNREVIEWED,,,,,,,,,,,,,,CANONICAL_CANDIDATE,,
208,F,"ADVANCED, META & TERMINAL",8,208,Mobile-Engine OS,The core logic for all Imperial handheld apps.,208,UNREVIEWED,,,,,,,,,,,,,,CANONICAL_CANDIDATE,,
209,F,"ADVANCED, META & TERMINAL",9,209,Web-Sovereign OS,"Decentralized, P2P ""Imperial Signal"" routing.",209,UNREVIEWED,,,,,,,,,,,,,,CANONICAL_CANDIDATE,,
210,F,"ADVANCED, META & TERMINAL",10,210,Interface OS,The sensory layer between Human and Kernel.,210,UNREVIEWED,,,,,,,,,,,,,,CANONICAL_CANDIDATE,,
211,F,"ADVANCED, META & TERMINAL",11,211,Dynamic OS,Hot-patching UI/UX based on real-time sentiment.,211,UNREVIEWED,,,,,,,,,,,,,,CANONICAL_CANDIDATE,,
212,F,"ADVANCED, META & TERMINAL",12,212,Payments OS,Managing fiat/DZC liquidity flow.,212,UNREVIEWED,,,,,,,,,,,,,,CANONICAL_CANDIDATE,,
213,F,"ADVANCED, META & TERMINAL",13,213,Checkout OS,Optimizing the final transaction gate.,213,UNREVIEWED,,,,,,,,,,,,,,CANONICAL_CANDIDATE,,
214,F,"ADVANCED, META & TERMINAL",14,214,Billing OS,Automated invoicing and Regency dividend logic.,214,UNREVIEWED,,,,,,,,,,,,,,CANONICAL_CANDIDATE,,
215,F,"ADVANCED, META & TERMINAL",15,215,Pricing OS,"Real-time ""High-Aspiration"" premium adjustment.",215,UNREVIEWED,,,,,,,,,,,,,,CANONICAL_CANDIDATE,,
216,F,"ADVANCED, META & TERMINAL",16,216,University OS,The talent-vetting and elite-track recruitment hub.,216,UNREVIEWED,,,,,,,,,,,,,,CANONICAL_CANDIDATE,,
217,F,"ADVANCED, META & TERMINAL",17,217,Pedagogy OS,Designing the syllabus of Imperial Truth.,217,UNREVIEWED,,,,,,,,,,,,,,CANONICAL_CANDIDATE,,
218,F,"ADVANCED, META & TERMINAL",18,218,Learning OS,Managing the continuous education of the Regency.,218,UNREVIEWED,,,,,,,,,,,,,,CANONICAL_CANDIDATE,,
219,F,"ADVANCED, META & TERMINAL",19,219,Talent-Forge OS,Accelerating the growth of Titan-aligned assets.,219,UNREVIEWED,,,,,,,,,,,,,,CANONICAL_CANDIDATE,,
220,F,"ADVANCED, META & TERMINAL",20,220,Elite-Track OS,High-stakes testing for Level 2 Partnership.,220,UNREVIEWED,,,,,,,,,,,,,,CANONICAL_CANDIDATE,,
221,F,"ADVANCED, META & TERMINAL",21,221,Ethics OS,Defining the systemic bounds of Imperial expansion.,221,UNREVIEWED,,,,,,,,,,,,,,CANONICAL_CANDIDATE,,
222,F,"ADVANCED, META & TERMINAL",22,222,Philosophy OS,"The root logic of the Empire’s ""Will"".",222,UNREVIEWED,,,,,,,,,,,,,,CANONICAL_CANDIDATE,,
223,F,"ADVANCED, META & TERMINAL",23,223,Theology OS,Translating rituals into mythic brand scale.,223,UNREVIEWED,,,,,,,,,,,,,,CANONICAL_CANDIDATE,,
224,F,"ADVANCED, META & TERMINAL",24,224,Mythos OS,"Engineering the ""Archetypal Protector"" narrative.",224,UNREVIEWED,,,,,,,,,,,,,,CANONICAL_CANDIDATE,,
225,F,"ADVANCED, META & TERMINAL",25,225,Occult OS,Using deep-psych cues for aesthetic authority.,225,UNREVIEWED,,,,,,,,,,,,,,CANONICAL_CANDIDATE,,
226,F,"ADVANCED, META & TERMINAL",26,226,Globalisation OS,Managing the Blitzkrieg expansion logic.,226,UNREVIEWED,,,,,,,,,,,,,,CANONICAL_CANDIDATE,,
227,F,"ADVANCED, META & TERMINAL",27,227,Geopolitics OS,SADC-to-Global chessboard dominance.,227,UNREVIEWED,,,,,,,,,,,,,,CANONICAL_CANDIDATE,,
228,F,"ADVANCED, META & TERMINAL",28,228,Macro-Arbitrage OS,Betting against fiat devaluation (Rand).,228,UNREVIEWED,,,,,,,,,,,,,,CANONICAL_CANDIDATE,,
229,F,"ADVANCED, META & TERMINAL",29,229,China OS,Managing the resource-arbitrage with BRICS partners.,229,UNREVIEWED,,,,,,,,,,,,,,CANONICAL_CANDIDATE,,
230,F,"ADVANCED, META & TERMINAL",30,230,USA OS,Mapping American platform capital moves.,230,UNREVIEWED,,,,,,,,,,,,,,CANONICAL_CANDIDATE,,
231,F,"ADVANCED, META & TERMINAL",31,231,South Africa OS,Local regulatory and land-title dominance.,231,UNREVIEWED,,,,,,,,,,,,,,CANONICAL_CANDIDATE,,
232,F,"ADVANCED, META & TERMINAL",32,232,Europe OS,Managing IP and Offshore safety jurisdictions.,232,UNREVIEWED,,,,,,,,,,,,,,CANONICAL_CANDIDATE,,
233,F,"ADVANCED, META & TERMINAL",33,233,UAE OS,High-security node and Neutral-Harbor management.,233,UNREVIEWED,,,,,,,,,,,,,,CANONICAL_CANDIDATE,,
234,F,"ADVANCED, META & TERMINAL",34,234,Saudi Arabia OS,Managing sovereign wealth partnerships.,234,UNREVIEWED,,,,,,,,,,,,,,CANONICAL_CANDIDATE,,
235,F,"ADVANCED, META & TERMINAL",35,235,Sovereign-Wealth OS,"Building the ""Imperial Fund"" core.",235,UNREVIEWED,,,,,,,,,,,,,,CANONICAL_CANDIDATE,,
236,F,"ADVANCED, META & TERMINAL",36,236,Wall Street OS,Monitoring institutional capital flows.,236,UNREVIEWED,,,,,,,,,,,,,,CANONICAL_CANDIDATE,,
237,F,"ADVANCED, META & TERMINAL",37,237,JSE OS,Dominating the regional stock exchange signals.,237,UNREVIEWED,,,,,,,,,,,,,,CANONICAL_CANDIDATE,,
238,F,"ADVANCED, META & TERMINAL",38,238,S&P 500 OS,Indexing global capital for War Chest safety.,238,UNREVIEWED,,,,,,,,,,,,,,CANONICAL_CANDIDATE,,
239,F,"ADVANCED, META & TERMINAL",39,239,Hedge Fund OS,"High-risk, asymmetric bet execution.",239,UNREVIEWED,,,,,,,,,,,,,,CANONICAL_CANDIDATE,,
240,F,"ADVANCED, META & TERMINAL",40,240,Blackrock OS,Analyzing the logic of the world’s largest asset manager.,240,UNREVIEWED,,,,,,,,,,,,,,CANONICAL_CANDIDATE,,
241,F,"ADVANCED, META & TERMINAL",41,241,Trading OS,Low-latency execution of market moves.,241,UNREVIEWED,,,,,,,,,,,,,,CANONICAL_CANDIDATE,,
242,F,"ADVANCED, META & TERMINAL",42,242,Portfolio OS,Managing the diversified asset registry.,242,UNREVIEWED,,,,,,,,,,,,,,CANONICAL_CANDIDATE,,
243,F,"ADVANCED, META & TERMINAL",43,243,Yield OS,Maximizing the compounding rate of code/capital.,243,UNREVIEWED,,,,,,,,,,,,,,CANONICAL_CANDIDATE,,
244,F,"ADVANCED, META & TERMINAL",44,244,Risk OS,Monte-Carlo simulations of systemic failure points.,244,UNREVIEWED,,,,,,,,,,,,,,CANONICAL_CANDIDATE,,
245,F,"ADVANCED, META & TERMINAL",45,245,Monte-Carlo OS,"Probabilistic modeling of ""Black-Swan"" events.",245,UNREVIEWED,,,,,,,,,,,,,,CANONICAL_CANDIDATE,,
246,F,"ADVANCED, META & TERMINAL",46,246,Social Media OS,Engagement-velocity and Mind-Virus tracking.,246,UNREVIEWED,,,,,,,,,,,,,,CANONICAL_CANDIDATE,,
247,F,"ADVANCED, META & TERMINAL",47,247,Community OS,Managing the internal and external Imperial Hive.,247,UNREVIEWED,,,,,,,,,,,,,,CANONICAL_CANDIDATE,,
248,F,"ADVANCED, META & TERMINAL",48,248,Engagement OS,Optimizing the feedback loops of user attention.,248,UNREVIEWED,,,,,,,,,,,,,,CANONICAL_CANDIDATE,,
249,F,"ADVANCED, META & TERMINAL",49,249,Influencer OS,Managing proxy nodes of regional authority.,249,UNREVIEWED,,,,,,,,,,,,,,CANONICAL_CANDIDATE,,
250,F,"ADVANCED, META & TERMINAL",50,250,Network OS,Mapping the authority mesh of the SADC region.,250,UNREVIEWED,,,,,,,,,,,,,,CANONICAL_CANDIDATE,,
251,F,"ADVANCED, META & TERMINAL",51,251,Tendering System OS,Winning municipal and state bids automatically.,251,UNREVIEWED,,,,,,,,,,,,,,CANONICAL_CANDIDATE,,
252,F,"ADVANCED, META & TERMINAL",52,252,Bidding OS,Algorithmic calculation of winning tender prices.,252,UNREVIEWED,,,,,,,,,,,,,,CANONICAL_CANDIDATE,,
253,F,"ADVANCED, META & TERMINAL",53,253,Compliance-Audit OS,Weekly legal checks of all regional operations.,253,UNREVIEWED,,,,,,,,,,,,,,CANONICAL_CANDIDATE,,
254,F,"ADVANCED, META & TERMINAL",54,254,Public-Sector OS,Capturing state infrastructure for Imperial use.,254,UNREVIEWED,,,,,,,,,,,,,,CANONICAL_CANDIDATE,,
255,F,"ADVANCED, META & TERMINAL",55,255,Private-Sector OS,Acquisition logic for unlisted regional SMEs.,255,UNREVIEWED,,,,,,,,,,,,,,CANONICAL_CANDIDATE,,
256,F,"ADVANCED, META & TERMINAL",56,256,Contracts OS,The master vault of all legally binding logic.,256,UNREVIEWED,,,,,,,,,,,,,,CANONICAL_CANDIDATE,,
257,F,"ADVANCED, META & TERMINAL",57,257,Smart-Contract OS,Self-executing code-agreements via DZC.,257,UNREVIEWED,,,,,,,,,,,,,,CANONICAL_CANDIDATE,,
258,F,"ADVANCED, META & TERMINAL",58,258,Escrow OS,Holding value until logic milestones are verified.,258,UNREVIEWED,,,,,,,,,,,,,,CANONICAL_CANDIDATE,,
259,F,"ADVANCED, META & TERMINAL",59,259,Dispute OS,Automated resolution and commercial sabotage.,259,UNREVIEWED,,,,,,,,,,,,,,CANONICAL_CANDIDATE,,
260,F,"ADVANCED, META & TERMINAL",60,260,Terminal OS,"The ""Root"" command line for the Imperator.",260,UNREVIEWED,,,,,,,,,,,,,,CANONICAL_CANDIDATE,,
261,F,"ADVANCED, META & TERMINAL",61,261,Statistics OS,Mapping the mathematical fidelity of the Empire.,261,UNREVIEWED,,,,,,,,,,,,,,CANONICAL_CANDIDATE,,
262,F,"ADVANCED, META & TERMINAL",62,262,Mathematics OS,The root formulas governing every loop and pillar.,262,UNREVIEWED,,,,,,,,,,,,,,CANONICAL_CANDIDATE,,
263,F,"ADVANCED, META & TERMINAL",63,263,Calculus OS,Calculating the rate of change in growth velocity.,263,UNREVIEWED,,,,,,,,,,,,,,CANONICAL_CANDIDATE,,
264,F,"ADVANCED, META & TERMINAL",64,264,Game-Theory-Meta OS,Recursive analysis of the Kernel’s own strategy.,264,UNREVIEWED,,,,,,,,,,,,,,CANONICAL_CANDIDATE,,
265,F,"ADVANCED, META & TERMINAL",65,265,Solutions OS,"Identifying the most ""Pragmatic"" path forward.",265,UNREVIEWED,,,,,,,,,,,,,,CANONICAL_CANDIDATE,,
266,F,"ADVANCED, META & TERMINAL",66,266,Pragmatic OS,Overriding theory for high-velocity cash yield.,266,UNREVIEWED,,,,,,,,,,,,,,CANONICAL_CANDIDATE,,
267,F,"ADVANCED, META & TERMINAL",67,267,Religion OS,Transitioning rituals into eternal mythic scale.,267,UNREVIEWED,,,,,,,,,,,,,,CANONICAL_CANDIDATE,,
268,F,"ADVANCED, META & TERMINAL",68,268,Events OS,"Managing the ""Imperial Summits"" and DZC airdrops.",268,UNREVIEWED,,,,,,,,,,,,,,CANONICAL_CANDIDATE,,
269,F,"ADVANCED, META & TERMINAL",69,269,Records OS,Managing the Medici Ledger and historical archives.,269,UNREVIEWED,,,,,,,,,,,,,,CANONICAL_CANDIDATE,,
270,F,"ADVANCED, META & TERMINAL",70,UNRESOLVED,Files OS,Managing the uncompressed digital data vault.,,RECONCILED_OVERFLOW,Data & Knowledge,,,,OS-085,,,,,,,,,MERGE,"Treat file and object storage as a subordinate capability of Imperial-Library OS, the canonical raw data-bank capability.",Files OS remains preserved as source history but does not consume a separate canonical OS ID.
271,F,"ADVANCED, META & TERMINAL",71,UNRESOLVED,Links OS,Mapping the internal and external authority mesh.,,RECONCILED_OVERFLOW,Data & Knowledge,,,,OS-250,,,,,,,,,ALIAS,Links OS maps to Network OS for governed relationship and authority-graph mapping.,Network OS already defines authority-mesh mapping; Links OS is therefore a source alias rather than an additional canonical OS.
272,F,"ADVANCED, META & TERMINAL",72,UNRESOLVED,Documents OS,Managing the raw strategic manifests.,,RECONCILED_OVERFLOW,Data & Knowledge,,,,OS-269,,,,,,,,,MERGE,"Document storage, metadata, lifecycle, manifests, retention and retrieval become capabilities within Records OS.",Documents OS is retained as source terminology but merged into the canonical Records capability.
273,F,"ADVANCED, META & TERMINAL",73,UNRESOLVED,Information OS,The ingest-layer for all external signal.,,RECONCILED_OVERFLOW,Data & Knowledge,,,,OS-066,,,,,,,,,ALIAS,Information OS maps to the governed external-information ingestion capability represented by Information-Vacuum OS.,Both source definitions describe ingestion of external or regional information signals.
274,F,"ADVANCED, META & TERMINAL",74,UNRESOLVED,Algorithm OS,The master formula integrating all 269 modules.,,RECONCILED_OVERFLOW,Automation & Workflow,,,,,,,,,,,,3,ORCHESTRATION_LAYER,Algorithm OS remains the decision and orchestration layer acting across the canonical 269 OS catalogue.,It is architecturally outside the canonical capability ID space.
275,F,"ADVANCED, META & TERMINAL",75,UNRESOLVED,Loop OS,Triggering the 104 Recursive Loops automatically.,,RECONCILED_OVERFLOW,Automation & Workflow,,,,,,,,,,,,3,ORCHESTRATION_LAYER,Loop OS remains the recurring and event-driven execution layer across canonical Operating Systems.,It is architecturally outside the canonical capability ID space.
276,F,"ADVANCED, META & TERMINAL",76,UNRESOLVED,Pillars OS,Enforcing the 207 immutable laws.,,RECONCILED_OVERFLOW,Governance & Audit,,,,,,,,,,,,3,GOVERNANCE_LAYER,Pillars OS remains the constitutional policy and governance layer enforcing the reconciled 207 Pillars.,Pillars OS sits above the 269 OS catalogue.
277,F,"ADVANCED, META & TERMINAL",77,UNRESOLVED,Integrations OS,Connecting the Kernel to the 20 physical layers.,,RECONCILED_OVERFLOW,Developer Platform,,,,,,,,,,,,3,ORCHESTRATION_LAYER,Integrations OS remains the controlled interface between canonical capabilities and external systems.,It belongs to the orchestration layer rather than the canonical 269 capability ID space.
278,F,"ADVANCED, META & TERMINAL",78,UNRESOLVED,Logic-Reasoning OS,Fallacy-detection and syllogism verification.,,RECONCILED_OVERFLOW,AI & Intelligence,,,,OS-068;OS-069,,,,,,,,,MERGE,Fallacy detection and syllogistic verification are implemented through Logic-Chain OS and Reasoning OS.,Logic-Reasoning OS combines capabilities already represented by OS-068 and OS-069.
279,F,"ADVANCED, META & TERMINAL",79,UNRESOLVED,Execution-Terminal OS,The kinetic link for final strategic triggers.,,RECONCILED_OVERFLOW,Automation & Workflow,,,,OS-073;OS-260,,,,,,,,,MERGE,"Final authorized execution combines Tactical-Execution OS with the Terminal OS interface, subject to governance and audit.",Execution-Terminal OS overlaps the existing execution and terminal capabilities and therefore receives no new canonical ID.
