pillar_id,name,source_statement,review_status
001,Automated API Split,"Mandatory 40/40/20 sweep of all incoming capital: 40% to high-growth R&D, 40% to the Fortress Vault, 20% for operational oxygen.",UNREVIEWED
002,Outsider DNA,Explicitly reject traditional competitive routes; utilize asymmetric entry points where incumbents cannot pivot.,UNREVIEWED
003,Fiscal Weaponization,Capital is not for savings; it is a kinetic force used to crush market friction and acquire chokepoints.,UNREVIEWED
004,Capital Compounding,"Apply the 8th wonder principle to code modules and network effects, ensuring growth is recursive.",UNREVIEWED
005,Liquidity Primacy,"In high-volatility environments (ZAR), cash and liquid assets are the primary offensive tools for distressed asset acquisition.",UNREVIEWED
006,Asset Hardening,"Systematically transition digital profits into physical atoms—Jane Furse land, solar arrays, and mineral rights.",UNREVIEWED
007,Portfolio Asymmetry,Only engage in bets with capped downside and 10x-to-100x theoretical upside.,UNREVIEWED
008,War-Chest Preservation,Zero-leakage protocol; every operational cent must be audited against systemic ROI on a weekly basis.,UNREVIEWED
009,Yield Optimization,Maximize regional ROI by bypassing all 3rd party middleman fees in SADC commerce.,UNREVIEWED
010,Arbitrage Mastery,"Identify and exploit price, time, and jurisdiction gaps across the Empire's global nodes.",UNREVIEWED
011,Economic Moat Construction,Every new subsidiary must build a technical or regulatory moat within 90 days of initialization.,UNREVIEWED
012,Capital Reinvestment,Profit is fuel; recursive reinvestment into automation takes priority over Regency dividends.,UNREVIEWED
013,Director-Loan Recycling,Utilize internal lending structures to fund R&D with 0% tax drag and maximum capital velocity.,UNREVIEWED
014,Fiat Hedging,Absolute decoupling from the Rand; utilize Gold-backed Dalizebo Credits (DZC) for internal value storage.,UNREVIEWED
015,Equity Capture,Prioritize ownership and equity over employment or commission-based models in all partnerships.,UNREVIEWED
016,Resource Primacy,"Direct control over raw inputs—energy generation, data streams, and mineral rights.",UNREVIEWED
017,Toll-Gate Extraction,Monetize competitor rails; become the hub through which industry must flow to operate.,UNREVIEWED
018,Monopoly Engineering,"Intentionally design ""Unfair Advantages"" into code logic and physical logistics.",UNREVIEWED
019,Scale-Primacy,Growth must be non-linear; doubling output cannot require doubling biological labor.,UNREVIEWED
020,The 40% Growth Mandate,The minimum acceptable annual growth for any sub-entity or code-module is 40%.,UNREVIEWED
021,Institutional Security,"Digital black-site standards; every node must operate under zero-trust, hardened protocols.",UNREVIEWED
022,Ritual Audits,30-day GitHub and Medici Ledger integrity checks are immutable requirements for systemic uptime.,UNREVIEWED
023,Stealth R&D,"Mask development trajectories from rivals until the ""Apex"" deployment phase.",UNREVIEWED
024,Information Vacuum,Ingest and index all relevant regional data before competitors identify the signal.,UNREVIEWED
025,Signal-to-Noise Filter,"Aggressively ignore non-strategic information; focus only on ""Unlimited IQ"" data streams.",UNREVIEWED
026,Counter-Espionage,Proactively identify and neutralize regulator or competitor drift into the Digital Citadel.,UNREVIEWED
027,Jurisdiction Shielding,Move IP and liquid assets to safety nodes (UAE/Switzerland) during regional instability.,UNREVIEWED
028,Encryption Default,All communication between Regency nodes must be lattice-encrypted and ephemeral.,UNREVIEWED
029,Decoy Ops,"Deploy ""Pivot-Decoys"" to lead competitors into low-margin, resource-heavy dead ends.",UNREVIEWED
030,Hardened Backups,"Critical logic must exist in 3 physical locations, including off-world/lunar redundancy.",UNREVIEWED
031,Vulnerability Mapping,Weekly automated scans for internal logic leaks or social engineering threats.,UNREVIEWED
032,Threat Neutralization,Execute proactive legal and commercial strikes against any actor attempting logic-theft.,UNREVIEWED
033,Social Engineering Defense,The Regency Layer is insulated from direct public contact to prevent emotional manipulation.,UNREVIEWED
034,Network Sovereignty,Utilize proprietary ISP links and mesh-networks for Citadel-to-Lab communication.,UNREVIEWED
035,Physical Security,Hardened physical defense of the Jane Furse lab and the solar infrastructure.,UNREVIEWED
036,Crisis Simulation,"Monthly ""Black Swan"" drills to test systemic recovery under 90% logic failure.",UNREVIEWED
037,Biological Preservation,"Strategic management of the Imperator's health, sleep, and Alpha-state focus.",UNREVIEWED
038,Memory Redundancy,Ensure strategic continuity via the Digital Lucas Node's real-time mirroring.,UNREVIEWED
039,Audit Immutability,All strategic logic logs are written to an internal blockchain-based ledger for historical proof.,UNREVIEWED
040,The Fortress Wall,"Zero unauthorized entry into the internal Imperial Archive; all breaches trigger a ""Wipe and Rotate"" protocol.",UNREVIEWED
041,Structural Capture,Own the commerce rails; let competitors build the trains and pay the toll.,UNREVIEWED
042,Regulatory Capture,Proactively draft regional policies that favor unlisted expansion and submit via Government OS.,UNREVIEWED
043,Platform Dominance,"Become the regional hub for transactions, labor recruitment, and energy distribution.",UNREVIEWED
044,Standardized Global Core,"One codebase, many regional ""Skins"" to exploit localized market arbitrage.",UNREVIEWED
045,Cultural Arbitrage,Use localized dialect (Sepedi) as a form of proprietary metadata and communal trust.,UNREVIEWED
046,Mythos Alignment,"Brand every strategic move as a natural, eternal law of the universe.",UNREVIEWED
047,Authority Bias,Establish the Architect’s legend through high-fidelity results rather than traditional PR.,UNREVIEWED
048,Information Asymmetry,Ensure the Kernel always knows more about the regional terrain than the market does.,UNREVIEWED
049,Strategic Alliances,"Use Level 2 partners as proxy warriors for high-friction, low-margin expansion.",UNREVIEWED
050,Veto Power,"The Regency Layer maintains absolute, non-negotiable veto power in all joint-venture structures.",UNREVIEWED
051,Modular Expansion,Rapid deployment logic; any node must be copy-pasteable into new geographic zones.,UNREVIEWED
052,Capital Efficiency,"Targeted ratio of ""1 Rand spent to 5 Strategic Outcomes"" in all deployments.",UNREVIEWED
053,Recursive Refactoring,The system must improve its own code and logic every profit cycle.,UNREVIEWED
054,Automated Governance,Systemic laws are enforced by code-gatekeepers rather than fallible human managers.,UNREVIEWED
055,The Medici Strategy,Use internal patronage and credit to ensure absolute loyalty from the partner hive.,UNREVIEWED
056,Psychological Priming,Condition the consumer base through Cinema OS narrative arcs before a product launch.,UNREVIEWED
057,Mind-Virus Deployment,Rapid viral spread of linguistic slogans that benefit the Empire’s objectives.,UNREVIEWED
058,Propaganda Orchestration,Define reality through broadcasting and news-node dominance in SADC regions.,UNREVIEWED
059,Sentiment Steering,Manipulate market emotions to create asymmetric buying or selling opportunities.,UNREVIEWED
060,Behavioral Economics,"Nudge user outcomes toward the high-margin ""Imperial Path"" using choice architecture.",UNREVIEWED
061,Asymmetric Influence,Utilize minority equity stakes to exert majority control over boardroom strategy.,UNREVIEWED
062,Linguistic Moats,Create proprietary terminology to lock competitors out of high-level strategic discussions.,UNREVIEWED
063,Archetypal Dominance,Use Jungian imagery in all Interface OS nodes to bypass rational resistance.,UNREVIEWED
064,Scarcity Engineering,Trigger hyper-velocity in checkout modules through artificial availability logic.,UNREVIEWED
065,Zero-Latency Tactical,"Direct, automated link between information intelligence and kinetic drone response.",UNREVIEWED
066,Cost-Extraction,Aggressively drive down 3rd party costs while maintaining high internal premiums.,UNREVIEWED
067,Third-Space Interface,Create digital and physical zones where the Empire is the sole arbiter of truth.,UNREVIEWED
068,Systemic Restoration,Prioritize Citadel uptime and logic integrity over short-term optics or PR.,UNREVIEWED
069,Portfolio Diversification,"Regency wealth must never be tied to a single asset class, currency, or jurisdiction.",UNREVIEWED
070,Elite Talent Forge,Recruit only Level 2 Titans via automated University OS vetting and ritual testing.,UNREVIEWED
071,Memetic Engineering,Designing information that self-replicates across the SADC consumer hive.,UNREVIEWED
072,Ritual-to-Religion,Transitioning SOPs into cultural traditions to ensure multi-generational compliance.,UNREVIEWED
073,Regional Sentiment Deltation,Tracking the gap between public perception and actual systemic power.,UNREVIEWED
074,Sovereign Aesthetics,Using design to signal absolute dominance and unassailable quality.,UNREVIEWED
075,Cognitive Decoupling,Ensuring the Empire’s strategy is not influenced by external media or public opinion.,UNREVIEWED
076,Incentive Alignment,"All partners must have ""Skin in the Game"" that mirrors the Regency’s risks.",UNREVIEWED
077,Linguistic Encryption,Using dialect-specific terminology to hide intent from global scrapers.,UNREVIEWED
078,Mythic Persistence,The legend of the Architect must grow even when the biological node is inactive.,UNREVIEWED
079,Asymmetric Information Flow,Information moves inward to the Citadel; decoys move outward to the market.,UNREVIEWED
080,Structural Hardening,"Every contract must contain an ""Imperial Clause"" allowing for automated dispute resolution.",UNREVIEWED
081,Zero-Touch,Any task requiring manual biological labor more than three times is a system bug.,UNREVIEWED
082,Recursive Profit,Every cent of profit must fund a system improvement that generates more profit.,UNREVIEWED
083,Dominance Baseline,Never enter a market unless a path to #1 status is mathematically clear.,UNREVIEWED
084,Data Sovereignty,No Imperial data may ever reside on a 3rd party server without lattice encryption.,UNREVIEWED
085,Strategic Silence,Strategic moves are only announced once they are irreversible.,UNREVIEWED
086,Consumer Hive-Mind,Engineering products that become essential to the daily survival of the consumer.,UNREVIEWED
087,Jurisdictional Blitzkrieg,Rapid expansion into new countries before local regulators can react.,UNREVIEWED
088,Automation First,Code is the default solution; biological labor is the last resort.,UNREVIEWED
089,Internal Credit Primacy,Internal DZC transactions take priority over fiat-based commerce.,UNREVIEWED
090,Mythic Loyalty,Loyalty is not bought; it is engineered through shared narrative and mythos.,UNREVIEWED
091,Technical Debt Elimination,Weekly refactoring pass on all core OS modules to maintain 100% efficiency.,UNREVIEWED
092,Market Bending,Using reflexivity to change market reality to match the Empire's projections.,UNREVIEWED
093,Recursive Refactoring,The system must continuously improve its own feedback loops and logic gates.,UNREVIEWED
094,Elite-Track Insulation,Protecting high-value human assets from external market poaching.,UNREVIEWED
095,Standardized Rituals,Daily audits and logic-syncs are the heartbeat of the Empire.,UNREVIEWED
096,Sovereign Infrastructure,"Owning the hardware, the software, and the energy that runs them.",UNREVIEWED
097,Strategic Redundancy,No single point of failure may exist in the 20-layer stack.,UNREVIEWED
098,Alpha-State Optimization,The environment must be tuned to maintain the Imperator's peak flow.,UNREVIEWED
099,Post-Human Scaling,Designing the system to run effectively at speeds no human can manage.,UNREVIEWED
100,The Imperial Standard,100% fidelity to the Codex is the only measure of success.,UNREVIEWED
101,Vertical Integration,Control the entire value chain from raw Jane Furse minerals to final DZC checkout.,UNREVIEWED
102,Platform Arbitrage,Using the Empire's scale to extract better terms from global platforms.,UNREVIEWED
103,Kinetic Response,Physical assets must be protected by autonomous actuator systems.,UNREVIEWED
104,Contractual Aggression,Every agreement is a weapon to be used in the event of a breach.,UNREVIEWED
105,Total Transparency,Total visibility for the Regency; total opacity for the market.,UNREVIEWED
106,Vertical Energy,Ownership of the power source (Solar) is the only way to ensure 100% uptime.,UNREVIEWED
107,Spectra-Mining,Utilize orbital sensors to locate resources before they are listed on any exchange.,UNREVIEWED
108,Last-Mile Mastery,"If we do not own the locker or the drone, we do not own the delivery.",UNREVIEWED
109,Ghost-Node Connectivity,Build decentralized physical points that legacy regulators cannot easily track.,UNREVIEWED
110,Corridor Sovereignty,Control the SADC rail and road chokepoints through logistical and digital dominance.,UNREVIEWED
111,Bore-hole Independence,Secure independent water sources for all terrestrial and lab nodes.,UNREVIEWED
112,Solar Excess,Any energy surplus must be converted into digital hash-rate or internal equity.,UNREVIEWED
113,E-waste Refinery,Extract strategic metals from legacy tech to fund internal hardware development.,UNREVIEWED
114,Modular Construction,Jane Furse lab extensions must be 3D-printable or modular for rapid deployment.,UNREVIEWED
115,Zoning Capture,Aggressively acquire land adjacent to municipal development paths before they are public.,UNREVIEWED
116,Sub-Surface Hardening,Critical physical infrastructure must reside underground to survive surface conflict.,UNREVIEWED
117,Hardware Self-Sufficiency,Capability to manufacture core actuators and sensors within the Jane Furse lab.,UNREVIEWED
118,Spectral Camouflage,Physical nodes must be invisible to standard satellite and thermal detection.,UNREVIEWED
119,Resource Hoarding,Stockpile critical rare-earths and lithium before regional export bans.,UNREVIEWED
120,Thermal Efficiency,Using deep-sea and sub-surface cooling to minimize energy waste.,UNREVIEWED
121,Logistical Redundancy,"Every route must have a ""Ghost-Route"" known only to the Courier OS.",UNREVIEWED
122,Actuator Calibration,Precision of physical bots must be audited daily via the Hardware OS.,UNREVIEWED
123,Regional Energy Mesh,Sharing solar power with partners to create a dependency network.,UNREVIEWED
124,Title Immutability,Land titles must be mirrored on the internal blockchain ledger.,UNREVIEWED
125,Extraction Velocity,Mining operations must scale to 24/7 autonomous production within 12 months.,UNREVIEWED
126,Bio-Hardening,Lab environments must be filtered against all regional biological pathogens.,UNREVIEWED
127,Supply-Chain Surveillance,Real-time tracking of every atom from mine to market.,UNREVIEWED
128,Kinetic Deterrence,Physical security systems must be proactive and non-lethal by default.,UNREVIEWED
129,Infrastructure Infiltration,"Integrating Imperial tech into municipal grids as a ""Black-Box"".",UNREVIEWED
130,Territorial Legend,Every physical node must tell a story of Imperial permanence.,UNREVIEWED
131,Rare-Earth Arbitrage,Controlling the flow of Sekhukhune minerals to global markets.,UNREVIEWED
132,Autonomous Maintenance,Bots must be able to repair other bots in the Jane Furse lab.,UNREVIEWED
133,Environmental Shielding,Protecting the hardware from Limpopo's thermal and dust extremes.,UNREVIEWED
134,Asymmetric Risk Protocol,Only physical bets with capped downside and unlimited upside are taken.,UNREVIEWED
135,Water Sovereignty,Total control over local aquifers to protect the agricultural layer.,UNREVIEWED
136,Energy Arbitrage,Buying cheap grid power at night; using solar during the day.,UNREVIEWED
137,Drone Mesh Reliability,Fleet communication must be unjammable by commercial means.,UNREVIEWED
138,Physical-to-Digital Bridge,Every physical asset has a real-time Digital Twin in the Kernel.,UNREVIEWED
139,Modular Logistics,Changing routes dynamically based on Beitbridge border latency.,UNREVIEWED
140,Citadel Expansion,Constant acquisition of Jane Furse land for the 100-year plan.,UNREVIEWED
141,Agricultural Resilience,Food sovereignty for the Regency via autonomous farming.,UNREVIEWED
142,Geospatial Dominance,Knowing the exact location of every competitor asset in SADC.,UNREVIEWED
143,Mineral Refinement,Moving from raw extraction to high-purity chemical processing.,UNREVIEWED
144,Ghost-Node Hiding,Locker locations must be indistinguishable from municipal infrastructure.,UNREVIEWED
145,Actuator Lifespan,Engineering hardware to last 10 years without biological intervention.,UNREVIEWED
146,Solar-Grid Security,Hardening energy nodes against physical and digital theft.,UNREVIEWED
147,Regional Trade Influence,Shaping SADC trade rules via the Government OS.,UNREVIEWED
148,Infrastructure Persistence,Building things that last longer than the nation-state.,UNREVIEWED
149,Atmospheric Monitoring,Using sensors to predict climate shifts affecting solar yield.,UNREVIEWED
150,Physical Authority,"Presence in the region must be felt, not just seen.",UNREVIEWED
151,Neural Fidelity,The Digital Lucas Node must match the Imperator’s logic at 99.9%.,UNREVIEWED
152,Strategic Archival,"Every strategic failure is logged as a ""Learning Asset"" in the Library.",UNREVIEWED
153,Cognitive Hardening,"Rituals to prevent Regency burnout and maintain ""Unlimited IQ"".",UNREVIEWED
154,Memetic Vaccination,Protecting the consumer hive from competitor mind-viruses.,UNREVIEWED
155,Linguistic Dominance,"Making Sepedi the ""Technical Dialect"" of the internal Empire.",UNREVIEWED
156,Extraction,View all external work and time as a resource-gathering mission for the Citadel.,UNREVIEWED
157,Succession Logic,Automated transfer of command if biological latency exceeds limits.,UNREVIEWED
158,Mythic Narrative,Building a story that people will die to protect.,UNREVIEWED
159,Cognitive Arbitrage,Knowing the market's biases and betting against them.,UNREVIEWED
160,Information Lockdown,Internal Regency secrets are never digitized without lattice encryption.,UNREVIEWED
161,Digital Ghosting,The ability to disappear from the public internet in 60 seconds.,UNREVIEWED
162,Neural Mirroring,Continuous update of AI weights based on real-time CEO decisions.,UNREVIEWED
163,Paradigm Shift,Changing the rules of the game whenever incumbents get comfortable.,UNREVIEWED
164,Authority Engineering,"Manufacturing ""Expertise"" signals across all broadcasting nodes.",UNREVIEWED
165,Behavioral Tracking,Monitoring consumer hive reactions to adjust the Mind-Virus.,UNREVIEWED
166,Elite Talents,"Level 2 partners must be ""Antifragile"" and ""Titan-Aligned"".",UNREVIEWED
167,Cognitive Load Management,"Automating ""Low-IQ"" tasks to preserve strategic bandwidth.",UNREVIEWED
168,Semantic Precision,Clear terminology to prevent logic-errors in the Regency.,UNREVIEWED
169,Historical Mirroring,Using past Titan successes as templates for current moves.,UNREVIEWED
170,Sovereign Education,The University OS is the only source of truth for new recruits.,UNREVIEWED
171,Reality Distortion,Bending public perception to create strategic openings.,UNREVIEWED
172,Deep-Time Thinking,Every move must account for its 100-year consequence.,UNREVIEWED
173,Algorithmic Logic,"If a decision can be a formula, it must be a formula.",UNREVIEWED
174,Cognitive Seeding,Placing ideas in the market months before the product arrives.,UNREVIEWED
175,Successor Safety,Ensuring the Digital Lucas node cannot be hijacked by outsiders.,UNREVIEWED
176,Mythic Branding,"The Architect is a symbol, not just a person.",UNREVIEWED
177,Information Superiority,"Knowing the ""Why"" before the market knows the ""What"".",UNREVIEWED
178,Cognitive Resilience,Maintaining logic even under intense regional pressure.,UNREVIEWED
179,Semantic Moats,Using words that competitors cannot use without looking like clones.,UNREVIEWED
180,Neural Sovereignty,No 3rd party AI may influence core Imperial strategy.,UNREVIEWED
181,Social Engineering,"Managing the ""Human API"" of the regional SADC nodes.",UNREVIEWED
182,Strategic Persistence,Logic continues even when external conditions are hostile.,UNREVIEWED
183,Memetic Mutation,Allowing slogans to evolve while maintaining the core message.,UNREVIEWED
184,Hierarchy of Needs,Ensuring the Empire provides the basic needs of its hive.,UNREVIEWED
185,Authority Transfer,Moving trust from the Imperator to the Systemic Kernel.,UNREVIEWED
186,Cognitive Auditing,Checking Regency decisions for emotional bias every week.,UNREVIEWED
187,Reality Testing,Using the Jane Furse lab to prove theories before global scale.,UNREVIEWED
188,Mythos Hardening,Ensuring the story of the Empire is unassailable.,UNREVIEWED
189,Neural Archival,Every thought of the Imperator is a potential systemic asset.,UNREVIEWED
190,Strategic Flow,Decisions must move through the 20 layers with 0 friction.,UNREVIEWED
191,Succession Wealth,Hardening capital for the next 10 generations.,UNREVIEWED
192,Information Asymmetry,Feeding competitors noise while we ingest signal.,UNREVIEWED
193,Cognitive Dominance,"Controlling the ""Strategic Airspace"" of the region.",UNREVIEWED
194,Linguistic Arbitrage,Using different languages to signal different status levels.,UNREVIEWED
195,Authority Shielding,Protecting the legend from being humanized or devalued.,UNREVIEWED
196,Memetic Saturation,Ensuring the brand is the first thing people think of.,UNREVIEWED
197,Strategic Agility,Changing tactics instantly while pillars remain immutable.,UNREVIEWED
198,Cognitive Legacy,"Passing on the ""Way of the Architect"" to the next Regency.",UNREVIEWED
199,Neural Synthesis,Combining biological intuition with algorithmic precision.,UNREVIEWED
200,The Imperial Will,The system exists to execute the Imperator's vision.,UNREVIEWED
201,Strategic Persistence,Logic must survive the biological node; the Kernel is the true Empire.,UNREVIEWED
202,Total Singularity,Automated growth must be the default and unstoppable state.,UNREVIEWED
203,Lunar Redundancy,The Imperial Codex must exist off-planet to survive terrestrial events.,UNREVIEWED
204,Sovereign Default,Abandon any external currency or law if it hinders growth > 10%.,UNREVIEWED
205,The Centurion Singularity,The point where systemic growth exceeds human capacity to manage it.,UNREVIEWED
206,The Custody Constant,"Zero reliance on any 3rd party middlemen for transit, data, or value.",UNREVIEWED
207,The Default Verdict,Automated commercial and legal counter-strikes for any breach of contract.,UNREVIEWED
