source_sequence,cluster,cluster_name,local_id,declared_id,name,source_statement,review_status
001,A,FISCAL & CAPITAL WEAPONIZATION,1,001,Banking OS,Direct interface with global and local FNB/commercial banking APIs.,UNREVIEWED
002,A,FISCAL & CAPITAL WEAPONIZATION,2,002,Vault-OS,High-security logic for managing the physical and digital War Chest.,UNREVIEWED
003,A,FISCAL & CAPITAL WEAPONIZATION,3,003,Tax-OS,Automated tax-shielding and compliance-optimization logic.,UNREVIEWED
004,A,FISCAL & CAPITAL WEAPONIZATION,4,004,Currency-Forge OS,"Minting, burning, and liquidity management of Dalizebo Credits (DZC).",UNREVIEWED
005,A,FISCAL & CAPITAL WEAPONIZATION,5,005,Investment-Sweep OS,Automated 40/40/20 capital allocation across diversified assets.,UNREVIEWED
006,A,FISCAL & CAPITAL WEAPONIZATION,6,006,Audit-Vigil OS,Real-time monitoring of every cent moving through the Medici Ledger.,UNREVIEWED
007,A,FISCAL & CAPITAL WEAPONIZATION,7,007,Profit-Extraction OS,Identifying and capturing high-margin liquidity from sub-entities.,UNREVIEWED
008,A,FISCAL & CAPITAL WEAPONIZATION,8,008,Capital-Allocation OS,Determining the highest-ROI deployment for available fiat/DZC.,UNREVIEWED
009,A,FISCAL & CAPITAL WEAPONIZATION,9,009,Equity-Capture OS,Managing internal holding company ownership and partner equity.,UNREVIEWED
010,A,FISCAL & CAPITAL WEAPONIZATION,10,010,Liquidity-Pool OS,"Maintaining the Citadel’s ""Internal Bank"" for rapid-response funding.",UNREVIEWED
011,A,FISCAL & CAPITAL WEAPONIZATION,11,011,Asset-Harden OS,Logic for transitioning digital liquidity into Jane Furse land/minerals.,UNREVIEWED
012,A,FISCAL & CAPITAL WEAPONIZATION,12,012,Director-Loan OS,Managing the tax-free recycling of capital via internal debt structures.,UNREVIEWED
013,A,FISCAL & CAPITAL WEAPONIZATION,13,013,Offshore-Shield OS,Automated rotation of assets to non-ZAR safety jurisdictions.,UNREVIEWED
014,A,FISCAL & CAPITAL WEAPONIZATION,14,014,Fiat-Hedge OS,Real-time hedging against Rand volatility via gold/stablecoins.,UNREVIEWED
015,A,FISCAL & CAPITAL WEAPONIZATION,15,015,Credit-Score OS,Monitoring internal and external creditworthiness of the Empire.,UNREVIEWED
016,A,FISCAL & CAPITAL WEAPONIZATION,16,016,Debt-Weaponization OS,Utilizing strategic credit lines to acquire competitor chokepoints.,UNREVIEWED
017,A,FISCAL & CAPITAL WEAPONIZATION,17,017,Medici-Ledger OS,The immutable blockchain-based core of all Imperial transactions.,UNREVIEWED
018,A,FISCAL & CAPITAL WEAPONIZATION,18,018,Wealth-Persistence OS,Long-term preservation logic for the 100-year plan.,UNREVIEWED
019,A,FISCAL & CAPITAL WEAPONIZATION,19,019,Arbitrage OS,High-frequency detection of price gaps in global/local markets.,UNREVIEWED
020,A,FISCAL & CAPITAL WEAPONIZATION,20,020,War-Chest OS,Terminal security protocols for the primary capital reserve.,UNREVIEWED
021,B,"COMMAND, CONTROL & AUTOMATION",1,021,Crown OS,The master executive layer governing the 20-layer stack.,UNREVIEWED
022,B,"COMMAND, CONTROL & AUTOMATION",2,022,Architect OS,"The primary interface for Imperator Lucas to issue ""Will"" directives.",UNREVIEWED
023,B,"COMMAND, CONTROL & AUTOMATION",3,023,Regency OS,Governance and logic for Level 2 partner-tier operations.,UNREVIEWED
024,B,"COMMAND, CONTROL & AUTOMATION",4,024,Kiro-OS,Automation of daily strategic sprints and task queues.,UNREVIEWED
025,B,"COMMAND, CONTROL & AUTOMATION",5,025,Servitor-OS,"Specialized bots for executing repetitive ""Zero-Touch"" tasks.",UNREVIEWED
026,B,"COMMAND, CONTROL & AUTOMATION",6,026,Programming-OS,Autonomous code-generation and refactoring core.,UNREVIEWED
027,B,"COMMAND, CONTROL & AUTOMATION",7,027,Repository OS,Managing the Digital Citadel’s GitHub and private code vaults.,UNREVIEWED
028,B,"COMMAND, CONTROL & AUTOMATION",8,028,Cloud-OS,Orchestration of global server infrastructure (Vercel/AWS/Edge).,UNREVIEWED
029,B,"COMMAND, CONTROL & AUTOMATION",9,029,Deployment OS,Automated CI/CD pipelines for pushing Imperial software.,UNREVIEWED
030,B,"COMMAND, CONTROL & AUTOMATION",10,030,Edge-Function OS,Managing low-latency logic at the regional consumer-hive level.,UNREVIEWED
031,B,"COMMAND, CONTROL & AUTOMATION",11,031,Cron-Job OS,Scheduling recursive logic audits and loop triggers.,UNREVIEWED
032,B,"COMMAND, CONTROL & AUTOMATION",12,032,Automation-Pipe OS,The data-plumbing connecting physical sensors to digital logic.,UNREVIEWED
033,B,"COMMAND, CONTROL & AUTOMATION",13,033,Monitoring OS,24/7 uptime and security vigil for every Citadel node.,UNREVIEWED
034,B,"COMMAND, CONTROL & AUTOMATION",14,034,Error-Correction OS,Automated debugging of logic and code inconsistencies.,UNREVIEWED
035,B,"COMMAND, CONTROL & AUTOMATION",15,035,Scale-OS,Managing the non-linear growth of Imperial systems.,UNREVIEWED
036,B,"COMMAND, CONTROL & AUTOMATION",16,036,Optimization OS,Continuous speed and efficiency tuning of the 269 modules.,UNREVIEWED
037,B,"COMMAND, CONTROL & AUTOMATION",17,037,Load-Balance OS,Distributing compute resources based on regional traffic spikes.,UNREVIEWED
038,B,"COMMAND, CONTROL & AUTOMATION",18,038,Security OS,Zero-trust encryption and authentication for the Regency.,UNREVIEWED
039,B,"COMMAND, CONTROL & AUTOMATION",19,039,Firewall OS,Hardened digital defenses against state-actor or competitor probes.,UNREVIEWED
040,B,"COMMAND, CONTROL & AUTOMATION",20,040,Encryption OS,Managing the lattice-based keys for the Vault.,UNREVIEWED
041,B,"COMMAND, CONTROL & AUTOMATION",21,041,Protocol OS,Standardizing communication between all 20 layers.,UNREVIEWED
042,B,"COMMAND, CONTROL & AUTOMATION",22,042,Identity OS,"Managing the ""Imperial Personas"" and high-level digital identities.",UNREVIEWED
043,B,"COMMAND, CONTROL & AUTOMATION",23,043,Access-Control OS,Granular permission logic for Regency and Servitor nodes.,UNREVIEWED
044,B,"COMMAND, CONTROL & AUTOMATION",24,044,Stealth OS,Obfuscating the Citadel’s traffic to prevent industrial espionage.,UNREVIEWED
045,B,"COMMAND, CONTROL & AUTOMATION",25,045,Jurisdiction OS,Real-time routing of data to legally safe geographic nodes.,UNREVIEWED
046,B,"COMMAND, CONTROL & AUTOMATION",26,046,Compliance OS,Automated legal auditing of all regional activities.,UNREVIEWED
047,B,"COMMAND, CONTROL & AUTOMATION",27,047,Legal-Bot OS,Drafting and filing contracts and permits via Government OS.,UNREVIEWED
048,B,"COMMAND, CONTROL & AUTOMATION",28,048,Contract OS,Managing the lifecycle of all Imperial and Partner agreements.,UNREVIEWED
049,B,"COMMAND, CONTROL & AUTOMATION",29,049,Governance OS,Code-based enforcement of the 207 Pillars.,UNREVIEWED
050,B,"COMMAND, CONTROL & AUTOMATION",30,050,Executive-Action OS,"The ""Trigger"" module for major strategic maneuvers.",UNREVIEWED
051,C,"INTELLIGENCE, STRATEGY & INFLUENCE",1,051,Sentiment OS,Analyzing global and local perception of the Brand Hive.,UNREVIEWED
052,C,"INTELLIGENCE, STRATEGY & INFLUENCE",2,052,Narrative OS,"Engineering the ""Mythic Story"" of the Architect.",UNREVIEWED
053,C,"INTELLIGENCE, STRATEGY & INFLUENCE",3,053,Mind-Virus OS,Designing self-replicating linguistic slogans for mass adoption.,UNREVIEWED
054,C,"INTELLIGENCE, STRATEGY & INFLUENCE",4,054,Propaganda OS,Strategic定义 of reality through broadcasting channels.,UNREVIEWED
055,C,"INTELLIGENCE, STRATEGY & INFLUENCE",5,055,Psych-Prime OS,Conditioning consumer behavior through Interface OS triggers.,UNREVIEWED
056,C,"INTELLIGENCE, STRATEGY & INFLUENCE",6,056,Marketing OS,"Automated deployment of ""Cultural Skins"" for arbitrage.",UNREVIEWED
057,C,"INTELLIGENCE, STRATEGY & INFLUENCE",7,057,Viral-Loop OS,Engineering content that achieves exponential attention growth.,UNREVIEWED
058,C,"INTELLIGENCE, STRATEGY & INFLUENCE",8,058,Customer-Capture OS,Logic for converting public attention into DZC transactions.,UNREVIEWED
059,C,"INTELLIGENCE, STRATEGY & INFLUENCE",9,059,Brand-Authority OS,"Establishing and defending the ""Imperial Quality"" standard.",UNREVIEWED
060,C,"INTELLIGENCE, STRATEGY & INFLUENCE",10,060,Legend-Build OS,Managing the historical narrative for 100-year succession.,UNREVIEWED
061,C,"INTELLIGENCE, STRATEGY & INFLUENCE",11,061,Simulation-Warfare OS,Stress-testing strategic plans in virtual market models.,UNREVIEWED
062,C,"INTELLIGENCE, STRATEGY & INFLUENCE",12,062,Game-Theory OS,Calculating Nash-equilibrium outcomes for alliances and wars.,UNREVIEWED
063,C,"INTELLIGENCE, STRATEGY & INFLUENCE",13,063,Competitor-Analysis OS,"Indexing rival P&L, hardware, and logic to find bugs.",UNREVIEWED
064,C,"INTELLIGENCE, STRATEGY & INFLUENCE",14,064,Espionage OS,Discreet scraping of unlisted regional intelligence.,UNREVIEWED
065,C,"INTELLIGENCE, STRATEGY & INFLUENCE",15,065,Recon OS,Mapping the physical terrain of Jane Furse and SADC.,UNREVIEWED
066,C,"INTELLIGENCE, STRATEGY & INFLUENCE",16,066,Information-Vacuum OS,Total ingestion and indexing of all regional data signals.,UNREVIEWED
067,C,"INTELLIGENCE, STRATEGY & INFLUENCE",17,067,Signal-Filter OS,"Aggressive removal of ""Noise"" to find ""Unlimited IQ"" data.",UNREVIEWED
068,C,"INTELLIGENCE, STRATEGY & INFLUENCE",18,068,Logic-Chain OS,Syllogistic verification of all strategic drafts.,UNREVIEWED
069,C,"INTELLIGENCE, STRATEGY & INFLUENCE",19,069,Reasoning OS,Philosophical vetting of the Empire’s long-term direction.,UNREVIEWED
070,C,"INTELLIGENCE, STRATEGY & INFLUENCE",20,070,Synthesis OS,Aggregating data from all 269 modules into a single solution.,UNREVIEWED
071,C,"INTELLIGENCE, STRATEGY & INFLUENCE",21,071,Decision-Matrix OS,"Weighing ROI, risk, and Pillar-alignment for moves.",UNREVIEWED
072,C,"INTELLIGENCE, STRATEGY & INFLUENCE",22,072,Strategy-Draft OS,"Generating the ""Imperial Blueprint"" for the next cycle.",UNREVIEWED
073,C,"INTELLIGENCE, STRATEGY & INFLUENCE",23,073,Tactical-Execution OS,The kinetic link for Regency Layer deployments.,UNREVIEWED
074,C,"INTELLIGENCE, STRATEGY & INFLUENCE",24,074,Conquest-Map OS,Real-time geospatial visualization of Imperial dominance.,UNREVIEWED
075,C,"INTELLIGENCE, STRATEGY & INFLUENCE",25,075,Empire-Growth OS,Managing the modular replication of Citadel nodes.,UNREVIEWED
076,C,"INTELLIGENCE, STRATEGY & INFLUENCE",26,076,Sovereign OS,The logic of absolute independence from external authorities.,UNREVIEWED
077,C,"INTELLIGENCE, STRATEGY & INFLUENCE",27,077,Hegemony OS,Managing the structural capture of regional industries.,UNREVIEWED
078,C,"INTELLIGENCE, STRATEGY & INFLUENCE",28,078,Shadow-Strategy OS,Covert maneuvers that bypass public/competitor detection.,UNREVIEWED
079,C,"INTELLIGENCE, STRATEGY & INFLUENCE",29,079,Alliance OS,Managing proxies and Level 2 partnership tiers.,UNREVIEWED
080,C,"INTELLIGENCE, STRATEGY & INFLUENCE",30,080,Neutral-Harbor OS,"Establishing safe zones in UAE, CH, and lunar nodes.",UNREVIEWED
081,C,"INTELLIGENCE, STRATEGY & INFLUENCE",31,081,Quantum-Safe OS,Implementing lattice-based security across all modules.,UNREVIEWED
082,C,"INTELLIGENCE, STRATEGY & INFLUENCE",32,082,Lattice-Crypt OS,Managing the math for post-quantum Vault security.,UNREVIEWED
083,C,"INTELLIGENCE, STRATEGY & INFLUENCE",33,083,Archive OS,"The 1,000-year storage logic for the Imperial Codex.",UNREVIEWED
084,C,"INTELLIGENCE, STRATEGY & INFLUENCE",34,084,Knowledge OS,Indexing the 345 Library Entries for RAG ingestion.,UNREVIEWED
085,C,"INTELLIGENCE, STRATEGY & INFLUENCE",35,085,Imperial-Library OS,The raw data-bank of every strategic vector.,UNREVIEWED
086,C,"INTELLIGENCE, STRATEGY & INFLUENCE",36,086,Succession OS,Logic for command transfer and 100-year plan continuity.,UNREVIEWED
087,C,"INTELLIGENCE, STRATEGY & INFLUENCE",37,087,Digital-Lucas Node,The AI mirror of the Imperator’s strategic consciousness.,UNREVIEWED
088,C,"INTELLIGENCE, STRATEGY & INFLUENCE",38,088,Neural-Mirror OS,Capturing real-time decisions to update AI weights.,UNREVIEWED
089,C,"INTELLIGENCE, STRATEGY & INFLUENCE",39,089,Biological-Fidelity OS,Ensuring 99.9% alignment between human and AI logic.,UNREVIEWED
090,C,"INTELLIGENCE, STRATEGY & INFLUENCE",40,090,Pattern-Match OS,Identifying historical Titan successes in current data.,UNREVIEWED
091,C,"INTELLIGENCE, STRATEGY & INFLUENCE",41,091,Memory-Bank OS,Storing high-ROI logic patterns for recursive reuse.,UNREVIEWED
092,C,"INTELLIGENCE, STRATEGY & INFLUENCE",42,092,Legacy OS,Managing the multi-generational impact of the Empire.,UNREVIEWED
093,C,"INTELLIGENCE, STRATEGY & INFLUENCE",43,093,Time-Horizon OS,Projecting systemic consequences 100 years into the future.,UNREVIEWED
094,C,"INTELLIGENCE, STRATEGY & INFLUENCE",44,094,Predictive-Crisis OS,"Forecasting ""Black Swans"" before they hit SADC.",UNREVIEWED
095,C,"INTELLIGENCE, STRATEGY & INFLUENCE",45,095,Black-Swan OS,Defensive protocols for systemic survival during chaos.,UNREVIEWED
096,C,"INTELLIGENCE, STRATEGY & INFLUENCE",46,096,Stability OS,Maintaining equilibrium across all 269 modules.,UNREVIEWED
097,C,"INTELLIGENCE, STRATEGY & INFLUENCE",47,097,Equilibrium OS,Balancing growth velocity against structural integrity.,UNREVIEWED
098,C,"INTELLIGENCE, STRATEGY & INFLUENCE",48,098,Singularity OS,Planning the transition to absolute strategic autonomy.,UNREVIEWED
099,C,"INTELLIGENCE, STRATEGY & INFLUENCE",49,099,Evolution OS,Automated systemic mutation based on environment shifts.,UNREVIEWED
100,C,"INTELLIGENCE, STRATEGY & INFLUENCE",50,100,Omega OS,The terminal sequence for the Centurion Singularity.,UNREVIEWED
101,D,"PHYSICAL, LOGISTICAL & ENVIRONMENTAL",1,101,Mining OS,Automated mineral prospecting and extraction logic.,UNREVIEWED
102,D,"PHYSICAL, LOGISTICAL & ENVIRONMENTAL",2,102,Rare-Earth OS,Managing the chokepoint supply of lithium/platinum.,UNREVIEWED
103,D,"PHYSICAL, LOGISTICAL & ENVIRONMENTAL",3,103,Energy OS,The master logic for Imperial power independence.,UNREVIEWED
104,D,"PHYSICAL, LOGISTICAL & ENVIRONMENTAL",4,104,Solar-Grid OS,24/7 monitoring and optimization of Jane Furse solar nodes.,UNREVIEWED
105,D,"PHYSICAL, LOGISTICAL & ENVIRONMENTAL",5,105,Battery-Storage OS,Managing reserves for 100% uptime in the Citadel/Lab.,UNREVIEWED
106,D,"PHYSICAL, LOGISTICAL & ENVIRONMENTAL",6,106,Extraction OS,Technical chemical leach and refinement logic.,UNREVIEWED
107,D,"PHYSICAL, LOGISTICAL & ENVIRONMENTAL",7,107,Refinery OS,Converting raw Jane Furse minerals into high-purity assets.,UNREVIEWED
108,D,"PHYSICAL, LOGISTICAL & ENVIRONMENTAL",8,108,Production OS,Managing the hardware assembly lines in the lab.,UNREVIEWED
109,D,"PHYSICAL, LOGISTICAL & ENVIRONMENTAL",9,109,Manufacturing OS,3D printing and modular building protocols.,UNREVIEWED
110,D,"PHYSICAL, LOGISTICAL & ENVIRONMENTAL",10,110,Hardware OS,Managing the physical chassis of every Imperial bot/sensor.,UNREVIEWED
111,D,"PHYSICAL, LOGISTICAL & ENVIRONMENTAL",11,111,Robotics OS,Central command for autonomous physical agents.,UNREVIEWED
112,D,"PHYSICAL, LOGISTICAL & ENVIRONMENTAL",12,112,Actuator OS,Precision calibration of kinetic drone/bot movements.,UNREVIEWED
113,D,"PHYSICAL, LOGISTICAL & ENVIRONMENTAL",13,113,Drone-Swarm OS,Mesh communication logic for fleet coordination.,UNREVIEWED
114,D,"PHYSICAL, LOGISTICAL & ENVIRONMENTAL",14,114,Fleet OS,Logistical management of Imperial courier vehicles/drones.,UNREVIEWED
115,D,"PHYSICAL, LOGISTICAL & ENVIRONMENTAL",15,115,Logistics OS,"The routing engine for the ""Ghost-Route"" corridors.",UNREVIEWED
116,D,"PHYSICAL, LOGISTICAL & ENVIRONMENTAL",16,116,Supply-Chain OS,Real-time tracking of every atom from mine to market.,UNREVIEWED
117,D,"PHYSICAL, LOGISTICAL & ENVIRONMENTAL",17,117,Warehousing OS,Managing the Ghost-Node lockers across SADC.,UNREVIEWED
118,D,"PHYSICAL, LOGISTICAL & ENVIRONMENTAL",18,118,Inventory OS,Real-time digital thermal and stock heatmaps.,UNREVIEWED
119,D,"PHYSICAL, LOGISTICAL & ENVIRONMENTAL",19,119,Procurement OS,Automated ordering of parts via DZC internally.,UNREVIEWED
120,D,"PHYSICAL, LOGISTICAL & ENVIRONMENTAL",20,120,Courier OS,The terminal logic for Last-Mile chain of custody.,UNREVIEWED
121,D,"PHYSICAL, LOGISTICAL & ENVIRONMENTAL",21,121,Ghost-Node OS,Concealment and access logic for regional lockers.,UNREVIEWED
122,D,"PHYSICAL, LOGISTICAL & ENVIRONMENTAL",22,122,Locker OS,Physical access-control for SADC consumer pickups.,UNREVIEWED
123,D,"PHYSICAL, LOGISTICAL & ENVIRONMENTAL",23,123,Regional-Trade OS,Managing SADC border latency and tariff arbitrage.,UNREVIEWED
124,D,"PHYSICAL, LOGISTICAL & ENVIRONMENTAL",24,124,SADC-Rail OS,Capturing logistics rails for bulk mineral transport.,UNREVIEWED
125,D,"PHYSICAL, LOGISTICAL & ENVIRONMENTAL",25,125,Corridor OS,Dominance logic for the Beitbridge-to-Maputo paths.,UNREVIEWED
126,D,"PHYSICAL, LOGISTICAL & ENVIRONMENTAL",26,126,Property OS,Managing the unlisted Jane Furse acreage portfolio.,UNREVIEWED
127,D,"PHYSICAL, LOGISTICAL & ENVIRONMENTAL",27,127,Land-Title OS,Digital mirroring of physical deeds on the blockchain.,UNREVIEWED
128,D,"PHYSICAL, LOGISTICAL & ENVIRONMENTAL",28,128,Agriculture OS,Autonomous farming for Regency food sovereignty.,UNREVIEWED
129,D,"PHYSICAL, LOGISTICAL & ENVIRONMENTAL",29,129,Water-Source OS,Bore-hole management and filtration sovereignty.,UNREVIEWED
130,D,"PHYSICAL, LOGISTICAL & ENVIRONMENTAL",30,130,Construction OS,Modular expansion logic for lab and Citadel nodes.,UNREVIEWED
131,D,"PHYSICAL, LOGISTICAL & ENVIRONMENTAL",31,131,Infrastructure OS,Managing the energy/comms grid of the Empire.,UNREVIEWED
132,D,"PHYSICAL, LOGISTICAL & ENVIRONMENTAL",32,132,Smart-City OS,Integrating Citadel logic into municipal infrastructure.,UNREVIEWED
133,D,"PHYSICAL, LOGISTICAL & ENVIRONMENTAL",33,133,Zoning OS,Identifying rezoning opportunities before they are public.,UNREVIEWED
134,D,"PHYSICAL, LOGISTICAL & ENVIRONMENTAL",34,134,Urban-Capture OS,Logic for converting urban assets into Imperial nodes.,UNREVIEWED
135,D,"PHYSICAL, LOGISTICAL & ENVIRONMENTAL",35,135,Rural-Anchor OS,Dominance of the agricultural and mineral heartlands.,UNREVIEWED
136,D,"PHYSICAL, LOGISTICAL & ENVIRONMENTAL",36,136,Satellite OS,Operating the spectral sensors in the Orbital Layer.,UNREVIEWED
137,D,"PHYSICAL, LOGISTICAL & ENVIRONMENTAL",37,137,Orbital OS,Logic for Star-Link redundancy and cosmic storage.,UNREVIEWED
138,D,"PHYSICAL, LOGISTICAL & ENVIRONMENTAL",38,138,Star-Link OS,High-speed communication logic for off-grid nodes.,UNREVIEWED
139,D,"PHYSICAL, LOGISTICAL & ENVIRONMENTAL",39,139,Geospatial OS,3D mapping of every competitor and asset in SADC.,UNREVIEWED
140,D,"PHYSICAL, LOGISTICAL & ENVIRONMENTAL",40,140,Mapping OS,Visualizing the digital twin of the entire region.,UNREVIEWED
141,D,"PHYSICAL, LOGISTICAL & ENVIRONMENTAL",41,141,Climate OS,Predicting weather shifts to optimize solar yield.,UNREVIEWED
142,D,"PHYSICAL, LOGISTICAL & ENVIRONMENTAL",42,142,Environment OS,Minimizing the Citadel’s biological and fiscal footprint.,UNREVIEWED
143,D,"PHYSICAL, LOGISTICAL & ENVIRONMENTAL",43,143,Sustainability OS,Long-term resource recovery and carbon-tax hedging.,UNREVIEWED
144,D,"PHYSICAL, LOGISTICAL & ENVIRONMENTAL",44,144,Resource-Recovery OS,Extracting gold/copper from internal e-waste.,UNREVIEWED
145,D,"PHYSICAL, LOGISTICAL & ENVIRONMENTAL",45,145,Disaster-Recovery OS,Protocols for restoring the Empire after physical shock.,UNREVIEWED
146,D,"PHYSICAL, LOGISTICAL & ENVIRONMENTAL",46,146,Maintenance OS,Dispatching bots for hardware repair in the lab.,UNREVIEWED
147,D,"PHYSICAL, LOGISTICAL & ENVIRONMENTAL",47,147,Quality-Control OS,Ensuring 100% fidelity in every code-push and product.,UNREVIEWED
148,D,"PHYSICAL, LOGISTICAL & ENVIRONMENTAL",48,148,Safety OS,Protecting the biological and physical nodes of the Empire.,UNREVIEWED
149,D,"PHYSICAL, LOGISTICAL & ENVIRONMENTAL",49,149,Hazard-Check OS,Weekly scan of physical nodes for thermal/dust damage.,UNREVIEWED
150,D,"PHYSICAL, LOGISTICAL & ENVIRONMENTAL",50,150,Field-Agent OS,Logic for the Regency Layer’s physical regional moves.,UNREVIEWED
151,E,SPECIALIZED & DOMAIN DOMINANCE,1,151,Health OS,Monitoring the biological status of the Imperator/Regency.,UNREVIEWED
152,E,SPECIALIZED & DOMAIN DOMINANCE,2,152,Biology OS,Managing the genetic and circadian protocols.,UNREVIEWED
153,E,SPECIALIZED & DOMAIN DOMINANCE,3,153,Bio-Metric OS,Fingerprint/Ocular/Neural-ID for Vault access.,UNREVIEWED
154,E,SPECIALIZED & DOMAIN DOMINANCE,4,154,Nootropic OS,Logic for optimizing the Imperator's strategic IQ.,UNREVIEWED
155,E,SPECIALIZED & DOMAIN DOMINANCE,5,155,Peak-Flow OS,Capturing and extending Alpha-state work windows.,UNREVIEWED
156,E,SPECIALIZED & DOMAIN DOMINANCE,6,156,Circadian OS,Tuning lighting/tasks to the biological clock.,UNREVIEWED
157,E,SPECIALIZED & DOMAIN DOMINANCE,7,157,Sleep OS,Optimizing REM cycles for cognitive regeneration.,UNREVIEWED
158,E,SPECIALIZED & DOMAIN DOMINANCE,8,158,Nutrition OS,Managed biological fuel for the Regency Layer.,UNREVIEWED
159,E,SPECIALIZED & DOMAIN DOMINANCE,9,159,Exercise OS,Maintaining the physical vessel of the Imperator.,UNREVIEWED
160,E,SPECIALIZED & DOMAIN DOMINANCE,10,160,Longevity OS,Long-term biological preservation strategies.,UNREVIEWED
161,E,SPECIALIZED & DOMAIN DOMINANCE,11,161,Mental-Health OS,"Resilience logic for the Regency during ""Wartime"".",UNREVIEWED
162,E,SPECIALIZED & DOMAIN DOMINANCE,12,162,Resilience OS,"Auditing the psychological ""Black-Swan"" preparedness.",UNREVIEWED
163,E,SPECIALIZED & DOMAIN DOMINANCE,13,163,Stoic OS,Logic for maintaining logic under regional pressure.,UNREVIEWED
164,E,SPECIALIZED & DOMAIN DOMINANCE,14,164,Meditation OS,"Protocols for biological ""Unlimited IQ"" focus.",UNREVIEWED
165,E,SPECIALIZED & DOMAIN DOMINANCE,15,165,Focus OS,Automated blocking of non-strategic noise.,UNREVIEWED
166,E,SPECIALIZED & DOMAIN DOMINANCE,16,166,Language OS,Managing the Imperial linguistic standards.,UNREVIEWED
167,E,SPECIALIZED & DOMAIN DOMINANCE,17,167,Sepedi OS,The technical and trust dialect of the Jane Furse lab.,UNREVIEWED
168,E,SPECIALIZED & DOMAIN DOMINANCE,18,168,Translation OS,"Automated localized ""Skins"" for 10 nations.",UNREVIEWED
169,E,SPECIALIZED & DOMAIN DOMINANCE,19,169,Linguistic-Moat OS,Using dialect-specific terms to hide intent.,UNREVIEWED
170,E,SPECIALIZED & DOMAIN DOMINANCE,20,170,Semantic OS,Mapping keyword dominance in regional search/social.,UNREVIEWED
171,E,SPECIALIZED & DOMAIN DOMINANCE,21,171,Manipulation OS,Engineering social outcomes via the Mind-Virus.,UNREVIEWED
172,E,SPECIALIZED & DOMAIN DOMINANCE,22,172,Persuasion OS,Cognitive nudges for the Consumer-Hive UI.,UNREVIEWED
173,E,SPECIALIZED & DOMAIN DOMINANCE,23,173,Rhetoric OS,Designing fallacy-proof rebuttals for public defense.,UNREVIEWED
174,E,SPECIALIZED & DOMAIN DOMINANCE,24,174,Diplomacy OS,Managing relationships with proxy Level 2 partners.,UNREVIEWED
175,E,SPECIALIZED & DOMAIN DOMINANCE,25,175,Negotiation OS,Automated status-signaling logic for deals.,UNREVIEWED
176,E,SPECIALIZED & DOMAIN DOMINANCE,26,176,Conflict-Resolution OS,Solving partner disputes before they hit the Medici Ledger.,UNREVIEWED
177,E,SPECIALIZED & DOMAIN DOMINANCE,27,177,Arbitration OS,Internal system-verdict on contractual failures.,UNREVIEWED
178,E,SPECIALIZED & DOMAIN DOMINANCE,28,178,Court OS,Managing the Law-Fare OS offense/defense.,UNREVIEWED
179,E,SPECIALIZED & DOMAIN DOMINANCE,29,179,Law-Fare OS,Offensive legal strikes against contractual breach.,UNREVIEWED
180,E,SPECIALIZED & DOMAIN DOMINANCE,30,180,Evidence OS,Hardened digital logs for use in legal arbitration.,UNREVIEWED
181,E,SPECIALIZED & DOMAIN DOMINANCE,31,181,Media OS,Managing the 24/7 Imperial content machine.,UNREVIEWED
182,E,SPECIALIZED & DOMAIN DOMINANCE,32,182,Broadcasting OS,"Engineering the ""Imperial Signal"" across SADC.",UNREVIEWED
183,E,SPECIALIZED & DOMAIN DOMINANCE,33,183,Cinema OS,Generating high-res mythic archetypal imagery.,UNREVIEWED
184,E,SPECIALIZED & DOMAIN DOMINANCE,34,184,Music OS,Designing binaural auditory focus environments.,UNREVIEWED
185,E,SPECIALIZED & DOMAIN DOMINANCE,35,185,Audio-Prime OS,Frequency-coded soundscapes for checkout velocity.,UNREVIEWED
186,E,SPECIALIZED & DOMAIN DOMINANCE,36,186,Video OS,Managing high-prestige multimedia output.,UNREVIEWED
187,E,SPECIALIZED & DOMAIN DOMINANCE,37,187,Picture OS,Gaze-analysis logic for e-commerce heatmaps.,UNREVIEWED
188,E,SPECIALIZED & DOMAIN DOMINANCE,38,188,Design OS,Maintaining the Imperial UI Kit standardization.,UNREVIEWED
189,E,SPECIALIZED & DOMAIN DOMINANCE,39,189,Aesthetic OS,Logic for trust-signaling color/font profiles.,UNREVIEWED
190,E,SPECIALIZED & DOMAIN DOMINANCE,40,190,Art OS,localized cultural arbitrage via AI-mural series.,UNREVIEWED
191,E,SPECIALIZED & DOMAIN DOMINANCE,41,191,Retail OS,Dominating the physical SADC consumer nodes.,UNREVIEWED
192,E,SPECIALIZED & DOMAIN DOMINANCE,42,192,POS OS,High-speed physical checkout and DZC integration.,UNREVIEWED
193,E,SPECIALIZED & DOMAIN DOMINANCE,43,193,Consumer-Hive OS,Managing the daily essential-need dependency.,UNREVIEWED
194,E,SPECIALIZED & DOMAIN DOMINANCE,44,194,Shopping OS,Dopamine-engineered e-commerce experience.,UNREVIEWED
195,E,SPECIALIZED & DOMAIN DOMINANCE,45,195,E-commerce OS,The core transactional portal of the Empire.,UNREVIEWED
196,E,SPECIALIZED & DOMAIN DOMINANCE,46,196,Payment-Gateway OS,"Owning the ""Rails"" between buyer and Vault.",UNREVIEWED
197,E,SPECIALIZED & DOMAIN DOMINANCE,47,197,Ecosystem OS,Managing the synergy between all Imperial products.,UNREVIEWED
198,E,SPECIALIZED & DOMAIN DOMINANCE,48,198,Platform OS,Scaling the Imperial Signal to millions of nodes.,UNREVIEWED
199,E,SPECIALIZED & DOMAIN DOMINANCE,49,199,Membership OS,Managing tiered exclusivity for Level 2 partners.,UNREVIEWED
200,E,SPECIALIZED & DOMAIN DOMINANCE,50,200,Loyalty OS,Variable reward loops for Hive-node retention.,UNREVIEWED
201,F,"ADVANCED, META & TERMINAL",1,201,Data OS,The master ingestion and indexing engine.,UNREVIEWED
202,F,"ADVANCED, META & TERMINAL",2,202,Vector-DB OS,Managing high-speed strategic RAG retrieval.,UNREVIEWED
203,F,"ADVANCED, META & TERMINAL",3,203,RAG OS,Contextualizing the Library entries for the Lucas Node.,UNREVIEWED
204,F,"ADVANCED, META & TERMINAL",4,204,Inference OS,Real-time strategic reasoning co-processing.,UNREVIEWED
205,F,"ADVANCED, META & TERMINAL",5,205,Model-Train OS,Automated re-training of Lucas Node logic.,UNREVIEWED
206,F,"ADVANCED, META & TERMINAL",6,206,Android OS,Mobile-Engine logic for regional smartphone dominance.,UNREVIEWED
207,F,"ADVANCED, META & TERMINAL",7,207,iOS OS,Managing high-prestige consumer nodes.,UNREVIEWED
208,F,"ADVANCED, META & TERMINAL",8,208,Mobile-Engine OS,The core logic for all Imperial handheld apps.,UNREVIEWED
209,F,"ADVANCED, META & TERMINAL",9,209,Web-Sovereign OS,"Decentralized, P2P ""Imperial Signal"" routing.",UNREVIEWED
210,F,"ADVANCED, META & TERMINAL",10,210,Interface OS,The sensory layer between Human and Kernel.,UNREVIEWED
211,F,"ADVANCED, META & TERMINAL",11,211,Dynamic OS,Hot-patching UI/UX based on real-time sentiment.,UNREVIEWED
212,F,"ADVANCED, META & TERMINAL",12,212,Payments OS,Managing fiat/DZC liquidity flow.,UNREVIEWED
213,F,"ADVANCED, META & TERMINAL",13,213,Checkout OS,Optimizing the final transaction gate.,UNREVIEWED
214,F,"ADVANCED, META & TERMINAL",14,214,Billing OS,Automated invoicing and Regency dividend logic.,UNREVIEWED
215,F,"ADVANCED, META & TERMINAL",15,215,Pricing OS,"Real-time ""High-Aspiration"" premium adjustment.",UNREVIEWED
216,F,"ADVANCED, META & TERMINAL",16,216,University OS,The talent-vetting and elite-track recruitment hub.,UNREVIEWED
217,F,"ADVANCED, META & TERMINAL",17,217,Pedagogy OS,Designing the syllabus of Imperial Truth.,UNREVIEWED
218,F,"ADVANCED, META & TERMINAL",18,218,Learning OS,Managing the continuous education of the Regency.,UNREVIEWED
219,F,"ADVANCED, META & TERMINAL",19,219,Talent-Forge OS,Accelerating the growth of Titan-aligned assets.,UNREVIEWED
220,F,"ADVANCED, META & TERMINAL",20,220,Elite-Track OS,High-stakes testing for Level 2 Partnership.,UNREVIEWED
221,F,"ADVANCED, META & TERMINAL",21,221,Ethics OS,Defining the systemic bounds of Imperial expansion.,UNREVIEWED
222,F,"ADVANCED, META & TERMINAL",22,222,Philosophy OS,"The root logic of the Empire’s ""Will"".",UNREVIEWED
223,F,"ADVANCED, META & TERMINAL",23,223,Theology OS,Translating rituals into mythic brand scale.,UNREVIEWED
224,F,"ADVANCED, META & TERMINAL",24,224,Mythos OS,"Engineering the ""Archetypal Protector"" narrative.",UNREVIEWED
225,F,"ADVANCED, META & TERMINAL",25,225,Occult OS,Using deep-psych cues for aesthetic authority.,UNREVIEWED
226,F,"ADVANCED, META & TERMINAL",26,226,Globalisation OS,Managing the Blitzkrieg expansion logic.,UNREVIEWED
227,F,"ADVANCED, META & TERMINAL",27,227,Geopolitics OS,SADC-to-Global chessboard dominance.,UNREVIEWED
228,F,"ADVANCED, META & TERMINAL",28,228,Macro-Arbitrage OS,Betting against fiat devaluation (Rand).,UNREVIEWED
229,F,"ADVANCED, META & TERMINAL",29,229,China OS,Managing the resource-arbitrage with BRICS partners.,UNREVIEWED
230,F,"ADVANCED, META & TERMINAL",30,230,USA OS,Mapping American platform capital moves.,UNREVIEWED
231,F,"ADVANCED, META & TERMINAL",31,231,South Africa OS,Local regulatory and land-title dominance.,UNREVIEWED
232,F,"ADVANCED, META & TERMINAL",32,232,Europe OS,Managing IP and Offshore safety jurisdictions.,UNREVIEWED
233,F,"ADVANCED, META & TERMINAL",33,233,UAE OS,High-security node and Neutral-Harbor management.,UNREVIEWED
234,F,"ADVANCED, META & TERMINAL",34,234,Saudi Arabia OS,Managing sovereign wealth partnerships.,UNREVIEWED
235,F,"ADVANCED, META & TERMINAL",35,235,Sovereign-Wealth OS,"Building the ""Imperial Fund"" core.",UNREVIEWED
236,F,"ADVANCED, META & TERMINAL",36,236,Wall Street OS,Monitoring institutional capital flows.,UNREVIEWED
237,F,"ADVANCED, META & TERMINAL",37,237,JSE OS,Dominating the regional stock exchange signals.,UNREVIEWED
238,F,"ADVANCED, META & TERMINAL",38,238,S&P 500 OS,Indexing global capital for War Chest safety.,UNREVIEWED
239,F,"ADVANCED, META & TERMINAL",39,239,Hedge Fund OS,"High-risk, asymmetric bet execution.",UNREVIEWED
240,F,"ADVANCED, META & TERMINAL",40,240,Blackrock OS,Analyzing the logic of the world’s largest asset manager.,UNREVIEWED
241,F,"ADVANCED, META & TERMINAL",41,241,Trading OS,Low-latency execution of market moves.,UNREVIEWED
242,F,"ADVANCED, META & TERMINAL",42,242,Portfolio OS,Managing the diversified asset registry.,UNREVIEWED
243,F,"ADVANCED, META & TERMINAL",43,243,Yield OS,Maximizing the compounding rate of code/capital.,UNREVIEWED
244,F,"ADVANCED, META & TERMINAL",44,244,Risk OS,Monte-Carlo simulations of systemic failure points.,UNREVIEWED
245,F,"ADVANCED, META & TERMINAL",45,245,Monte-Carlo OS,"Probabilistic modeling of ""Black-Swan"" events.",UNREVIEWED
246,F,"ADVANCED, META & TERMINAL",46,246,Social Media OS,Engagement-velocity and Mind-Virus tracking.,UNREVIEWED
247,F,"ADVANCED, META & TERMINAL",47,247,Community OS,Managing the internal and external Imperial Hive.,UNREVIEWED
248,F,"ADVANCED, META & TERMINAL",48,248,Engagement OS,Optimizing the feedback loops of user attention.,UNREVIEWED
249,F,"ADVANCED, META & TERMINAL",49,249,Influencer OS,Managing proxy nodes of regional authority.,UNREVIEWED
250,F,"ADVANCED, META & TERMINAL",50,250,Network OS,Mapping the authority mesh of the SADC region.,UNREVIEWED
251,F,"ADVANCED, META & TERMINAL",51,251,Tendering System OS,Winning municipal and state bids automatically.,UNREVIEWED
252,F,"ADVANCED, META & TERMINAL",52,252,Bidding OS,Algorithmic calculation of winning tender prices.,UNREVIEWED
253,F,"ADVANCED, META & TERMINAL",53,253,Compliance-Audit OS,Weekly legal checks of all regional operations.,UNREVIEWED
254,F,"ADVANCED, META & TERMINAL",54,254,Public-Sector OS,Capturing state infrastructure for Imperial use.,UNREVIEWED
255,F,"ADVANCED, META & TERMINAL",55,255,Private-Sector OS,Acquisition logic for unlisted regional SMEs.,UNREVIEWED
256,F,"ADVANCED, META & TERMINAL",56,256,Contracts OS,The master vault of all legally binding logic.,UNREVIEWED
257,F,"ADVANCED, META & TERMINAL",57,257,Smart-Contract OS,Self-executing code-agreements via DZC.,UNREVIEWED
258,F,"ADVANCED, META & TERMINAL",58,258,Escrow OS,Holding value until logic milestones are verified.,UNREVIEWED
259,F,"ADVANCED, META & TERMINAL",59,259,Dispute OS,Automated resolution and commercial sabotage.,UNREVIEWED
260,F,"ADVANCED, META & TERMINAL",60,260,Terminal OS,"The ""Root"" command line for the Imperator.",UNREVIEWED
261,F,"ADVANCED, META & TERMINAL",61,261,Statistics OS,Mapping the mathematical fidelity of the Empire.,UNREVIEWED
262,F,"ADVANCED, META & TERMINAL",62,262,Mathematics OS,The root formulas governing every loop and pillar.,UNREVIEWED
263,F,"ADVANCED, META & TERMINAL",63,263,Calculus OS,Calculating the rate of change in growth velocity.,UNREVIEWED
264,F,"ADVANCED, META & TERMINAL",64,264,Game-Theory-Meta OS,Recursive analysis of the Kernel’s own strategy.,UNREVIEWED
265,F,"ADVANCED, META & TERMINAL",65,265,Solutions OS,"Identifying the most ""Pragmatic"" path forward.",UNREVIEWED
266,F,"ADVANCED, META & TERMINAL",66,266,Pragmatic OS,Overriding theory for high-velocity cash yield.,UNREVIEWED
267,F,"ADVANCED, META & TERMINAL",67,267,Religion OS,Transitioning rituals into eternal mythic scale.,UNREVIEWED
268,F,"ADVANCED, META & TERMINAL",68,268,Events OS,"Managing the ""Imperial Summits"" and DZC airdrops.",UNREVIEWED
269,F,"ADVANCED, META & TERMINAL",69,269,Records OS,Managing the Medici Ledger and historical archives.,UNREVIEWED
270,F,"ADVANCED, META & TERMINAL",70,UNRESOLVED,Files OS,Managing the uncompressed digital data vault.,UNREVIEWED
271,F,"ADVANCED, META & TERMINAL",71,UNRESOLVED,Links OS,Mapping the internal and external authority mesh.,UNREVIEWED
272,F,"ADVANCED, META & TERMINAL",72,UNRESOLVED,Documents OS,Managing the raw strategic manifests.,UNREVIEWED
273,F,"ADVANCED, META & TERMINAL",73,UNRESOLVED,Information OS,The ingest-layer for all external signal.,UNREVIEWED
274,F,"ADVANCED, META & TERMINAL",74,UNRESOLVED,Algorithm OS,The master formula integrating all 269 modules.,UNREVIEWED
275,F,"ADVANCED, META & TERMINAL",75,UNRESOLVED,Loop OS,Triggering the 104 Recursive Loops automatically.,UNREVIEWED
276,F,"ADVANCED, META & TERMINAL",76,UNRESOLVED,Pillars OS,Enforcing the 207 immutable laws.,UNREVIEWED
277,F,"ADVANCED, META & TERMINAL",77,UNRESOLVED,Integrations OS,Connecting the Kernel to the 20 physical layers.,UNREVIEWED
278,F,"ADVANCED, META & TERMINAL",78,UNRESOLVED,Logic-Reasoning OS,Fallacy-detection and syllogism verification.,UNREVIEWED
279,F,"ADVANCED, META & TERMINAL",79,UNRESOLVED,Execution-Terminal OS,The kinetic link for final strategic triggers.,UNREVIEWED
