os_id,name,domain,status,priority,implementation_type,roadmap_phase,security_level,owner
OS-001,TBD,TBD,DEFINED,TBD,TBD,TBD,TBD,TBD
OS-002,TBD,TBD,DEFINED,TBD,TBD,TBD,TBD,TBD
OS-003,TBD,TBD,DEFINED,TBD,TBD,TBD,TBD,TBD
OS-004,TBD,TBD,DEFINED,TBD,TBD,TBD,TBD,TBD
OS-005,TBD,TBD,DEFINED,TBD,TBD,TBD,TBD,TBD
OS-006,TBD,TBD,DEFINED,TBD,TBD,TBD,TBD,TBD
OS-007,TBD,TBD,DEFINED,TBD,TBD,TBD,TBD,TBD
OS-008,TBD,TBD,DEFINED,TBD,TBD,TBD,TBD,TBD
OS-009,TBD,TBD,DEFINED,TBD,TBD,TBD,TBD,TBD
OS-010,TBD,TBD,DEFINED,TBD,TBD,TBD,TBD,TBD
OS-011,TBD,TBD,DEFINED,TBD,TBD,TBD,TBD,TBD
OS-012,TBD,TBD,DEFINED,TBD,TBD,TBD,TBD,TBD
OS-013,TBD,TBD,DEFINED,TBD,TBD,TBD,TBD,TBD
OS-014,TBD,TBD,DEFINED,TBD,TBD,TBD,TBD,TBD
OS-015,TBD,TBD,DEFINED,TBD,TBD,TBD,TBD,TBD
OS-016,TBD,TBD,DEFINED,TBD,TBD,TBD,TBD,TBD
OS-017,TBD,TBD,DEFINED,TBD,TBD,TBD,TBD,TBD
OS-018,TBD,TBD,DEFINED,TBD,TBD,TBD,TBD,TBD
OS-019,TBD,TBD,DEFINED,TBD,TBD,TBD,TBD,TBD
OS-020,TBD,TBD,DEFINED,TBD,TBD,TBD,TBD,TBD
OS-021,TBD,TBD,DEFINED,TBD,TBD,TBD,TBD,TBD
OS-022,TBD,TBD,DEFINED,TBD,TBD,TBD,TBD,TBD
OS-023,TBD,TBD,DEFINED,TBD,TBD,TBD,TBD,TBD
OS-024,TBD,TBD,DEFINED,TBD,TBD,TBD,TBD,TBD
OS-025,TBD,TBD,DEFINED,TBD,TBD,TBD,TBD,TBD
OS-026,TBD,TBD,DEFINED,TBD,TBD,TBD,TBD,TBD
OS-027,TBD,TBD,DEFINED,TBD,TBD,TBD,TBD,TBD
OS-028,TBD,TBD,DEFINED,TBD,TBD,TBD,TBD,TBD
OS-029,TBD,TBD,DEFINED,TBD,TBD,TBD,TBD,TBD
OS-030,TBD,TBD,DEFINED,TBD,TBD,TBD,TBD,TBD
OS-031,TBD,TBD,DEFINED,TBD,TBD,TBD,TBD,TBD
OS-032,TBD,TBD,DEFINED,TBD,TBD,TBD,TBD,TBD
OS-033,TBD,TBD,DEFINED,TBD,TBD,TBD,TBD,TBD
OS-034,TBD,TBD,DEFINED,TBD,TBD,TBD,TBD,TBD
OS-035,TBD,TBD,DEFINED,TBD,TBD,TBD,TBD,TBD
OS-036,TBD,TBD,DEFINED,TBD,TBD,TBD,TBD,TBD
OS-037,TBD,TBD,DEFINED,TBD,TBD,TBD,TBD,TBD
OS-038,TBD,TBD,DEFINED,TBD,TBD,TBD,TBD,TBD
OS-039,TBD,TBD,DEFINED,TBD,TBD,TBD,TBD,TBD
OS-040,TBD,TBD,DEFINED,TBD,TBD,TBD,TBD,TBD
OS-041,TBD,TBD,DEFINED,TBD,TBD,TBD,TBD,TBD
OS-042,TBD,TBD,DEFINED,TBD,TBD,TBD,TBD,TBD
OS-043,TBD,TBD,DEFINED,TBD,TBD,TBD,TBD,TBD
OS-044,TBD,TBD,DEFINED,TBD,TBD,TBD,TBD,TBD
OS-045,TBD,TBD,DEFINED,TBD,TBD,TBD,TBD,TBD
OS-046,TBD,TBD,DEFINED,TBD,TBD,TBD,TBD,TBD
OS-047,TBD,TBD,DEFINED,TBD,TBD,TBD,TBD,TBD
OS-048,TBD,TBD,DEFINED,TBD,TBD,TBD,TBD,TBD
OS-049,TBD,TBD,DEFINED,TBD,TBD,TBD,TBD,TBD
OS-050,TBD,TBD,DEFINED,TBD,TBD,TBD,TBD,TBD
OS-051,TBD,TBD,DEFINED,TBD,TBD,TBD,TBD,TBD
OS-052,TBD,TBD,DEFINED,TBD,TBD,TBD,TBD,TBD
OS-053,TBD,TBD,DEFINED,TBD,TBD,TBD,TBD,TBD
OS-054,TBD,TBD,DEFINED,TBD,TBD,TBD,TBD,TBD
OS-055,TBD,TBD,DEFINED,TBD,TBD,TBD,TBD,TBD
OS-056,TBD,TBD,DEFINED,TBD,TBD,TBD,TBD,TBD
OS-057,TBD,TBD,DEFINED,TBD,TBD,TBD,TBD,TBD
OS-058,TBD,TBD,DEFINED,TBD,TBD,TBD,TBD,TBD
OS-059,TBD,TBD,DEFINED,TBD,TBD,TBD,TBD,TBD
OS-060,TBD,TBD,DEFINED,TBD,TBD,TBD,TBD,TBD
OS-061,TBD,TBD,DEFINED,TBD,TBD,TBD,TBD,TBD
OS-062,TBD,TBD,DEFINED,TBD,TBD,TBD,TBD,TBD
OS-063,TBD,TBD,DEFINED,TBD,TBD,TBD,TBD,TBD
OS-064,TBD,TBD,DEFINED,TBD,TBD,TBD,TBD,TBD
OS-065,TBD,TBD,DEFINED,TBD,TBD,TBD,TBD,TBD
OS-066,TBD,TBD,DEFINED,TBD,TBD,TBD,TBD,TBD
OS-067,TBD,TBD,DEFINED,TBD,TBD,TBD,TBD,TBD
OS-068,TBD,TBD,DEFINED,TBD,TBD,TBD,TBD,TBD
OS-069,TBD,TBD,DEFINED,TBD,TBD,TBD,TBD,TBD
OS-070,TBD,TBD,DEFINED,TBD,TBD,TBD,TBD,TBD
OS-071,TBD,TBD,DEFINED,TBD,TBD,TBD,TBD,TBD
OS-072,TBD,TBD,DEFINED,TBD,TBD,TBD,TBD,TBD
OS-073,TBD,TBD,DEFINED,TBD,TBD,TBD,TBD,TBD
OS-074,TBD,TBD,DEFINED,TBD,TBD,TBD,TBD,TBD
OS-075,TBD,TBD,DEFINED,TBD,TBD,TBD,TBD,TBD
OS-076,TBD,TBD,DEFINED,TBD,TBD,TBD,TBD,TBD
OS-077,TBD,TBD,DEFINED,TBD,TBD,TBD,TBD,TBD
OS-078,TBD,TBD,DEFINED,TBD,TBD,TBD,TBD,TBD
OS-079,TBD,TBD,DEFINED,TBD,TBD,TBD,TBD,TBD
OS-080,TBD,TBD,DEFINED,TBD,TBD,TBD,TBD,TBD
OS-081,TBD,TBD,DEFINED,TBD,TBD,TBD,TBD,TBD
OS-082,TBD,TBD,DEFINED,TBD,TBD,TBD,TBD,TBD
OS-083,TBD,TBD,DEFINED,TBD,TBD,TBD,TBD,TBD
OS-084,TBD,TBD,DEFINED,TBD,TBD,TBD,TBD,TBD
OS-085,TBD,TBD,DEFINED,TBD,TBD,TBD,TBD,TBD
OS-086,TBD,TBD,DEFINED,TBD,TBD,TBD,TBD,TBD
OS-087,TBD,TBD,DEFINED,TBD,TBD,TBD,TBD,TBD
OS-088,TBD,TBD,DEFINED,TBD,TBD,TBD,TBD,TBD
OS-089,TBD,TBD,DEFINED,TBD,TBD,TBD,TBD,TBD
OS-090,TBD,TBD,DEFINED,TBD,TBD,TBD,TBD,TBD
OS-091,TBD,TBD,DEFINED,TBD,TBD,TBD,TBD,TBD
OS-092,TBD,TBD,DEFINED,TBD,TBD,TBD,TBD,TBD
OS-093,TBD,TBD,DEFINED,TBD,TBD,TBD,TBD,TBD
OS-094,TBD,TBD,DEFINED,TBD,TBD,TBD,TBD,TBD
OS-095,TBD,TBD,DEFINED,TBD,TBD,TBD,TBD,TBD
OS-096,TBD,TBD,DEFINED,TBD,TBD,TBD,TBD,TBD
OS-097,TBD,TBD,DEFINED,TBD,TBD,TBD,TBD,TBD
OS-098,TBD,TBD,DEFINED,TBD,TBD,TBD,TBD,TBD
OS-099,TBD,TBD,DEFINED,TBD,TBD,TBD,TBD,TBD
OS-100,TBD,TBD,DEFINED,TBD,TBD,TBD,TBD,TBD
OS-101,TBD,TBD,DEFINED,TBD,TBD,TBD,TBD,TBD
OS-102,TBD,TBD,DEFINED,TBD,TBD,TBD,TBD,TBD
OS-103,TBD,TBD,DEFINED,TBD,TBD,TBD,TBD,TBD
OS-104,TBD,TBD,DEFINED,TBD,TBD,TBD,TBD,TBD
OS-105,TBD,TBD,DEFINED,TBD,TBD,TBD,TBD,TBD
OS-106,TBD,TBD,DEFINED,TBD,TBD,TBD,TBD,TBD
OS-107,TBD,TBD,DEFINED,TBD,TBD,TBD,TBD,TBD
OS-108,TBD,TBD,DEFINED,TBD,TBD,TBD,TBD,TBD
OS-109,TBD,TBD,DEFINED,TBD,TBD,TBD,TBD,TBD
OS-110,TBD,TBD,DEFINED,TBD,TBD,TBD,TBD,TBD
OS-111,TBD,TBD,DEFINED,TBD,TBD,TBD,TBD,TBD
OS-112,TBD,TBD,DEFINED,TBD,TBD,TBD,TBD,TBD
OS-113,TBD,TBD,DEFINED,TBD,TBD,TBD,TBD,TBD
OS-114,TBD,TBD,DEFINED,TBD,TBD,TBD,TBD,TBD
OS-115,TBD,TBD,DEFINED,TBD,TBD,TBD,TBD,TBD
OS-116,TBD,TBD,DEFINED,TBD,TBD,TBD,TBD,TBD
OS-117,TBD,TBD,DEFINED,TBD,TBD,TBD,TBD,TBD
OS-118,TBD,TBD,DEFINED,TBD,TBD,TBD,TBD,TBD
OS-119,TBD,TBD,DEFINED,TBD,TBD,TBD,TBD,TBD
OS-120,TBD,TBD,DEFINED,TBD,TBD,TBD,TBD,TBD
OS-121,TBD,TBD,DEFINED,TBD,TBD,TBD,TBD,TBD
OS-122,TBD,TBD,DEFINED,TBD,TBD,TBD,TBD,TBD
OS-123,TBD,TBD,DEFINED,TBD,TBD,TBD,TBD,TBD
OS-124,TBD,TBD,DEFINED,TBD,TBD,TBD,TBD,TBD
OS-125,TBD,TBD,DEFINED,TBD,TBD,TBD,TBD,TBD
OS-126,TBD,TBD,DEFINED,TBD,TBD,TBD,TBD,TBD
OS-127,TBD,TBD,DEFINED,TBD,TBD,TBD,TBD,TBD
OS-128,TBD,TBD,DEFINED,TBD,TBD,TBD,TBD,TBD
OS-129,TBD,TBD,DEFINED,TBD,TBD,TBD,TBD,TBD
OS-130,TBD,TBD,DEFINED,TBD,TBD,TBD,TBD,TBD
OS-131,TBD,TBD,DEFINED,TBD,TBD,TBD,TBD,TBD
OS-132,TBD,TBD,DEFINED,TBD,TBD,TBD,TBD,TBD
OS-133,TBD,TBD,DEFINED,TBD,TBD,TBD,TBD,TBD
OS-134,TBD,TBD,DEFINED,TBD,TBD,TBD,TBD,TBD
OS-135,TBD,TBD,DEFINED,TBD,TBD,TBD,TBD,TBD
OS-136,TBD,TBD,DEFINED,TBD,TBD,TBD,TBD,TBD
OS-137,TBD,TBD,DEFINED,TBD,TBD,TBD,TBD,TBD
OS-138,TBD,TBD,DEFINED,TBD,TBD,TBD,TBD,TBD
OS-139,TBD,TBD,DEFINED,TBD,TBD,TBD,TBD,TBD
OS-140,TBD,TBD,DEFINED,TBD,TBD,TBD,TBD,TBD
OS-141,TBD,TBD,DEFINED,TBD,TBD,TBD,TBD,TBD
OS-142,TBD,TBD,DEFINED,TBD,TBD,TBD,TBD,TBD
OS-143,TBD,TBD,DEFINED,TBD,TBD,TBD,TBD,TBD
OS-144,TBD,TBD,DEFINED,TBD,TBD,TBD,TBD,TBD
OS-145,TBD,TBD,DEFINED,TBD,TBD,TBD,TBD,TBD
OS-146,TBD,TBD,DEFINED,TBD,TBD,TBD,TBD,TBD
OS-147,TBD,TBD,DEFINED,TBD,TBD,TBD,TBD,TBD
OS-148,TBD,TBD,DEFINED,TBD,TBD,TBD,TBD,TBD
OS-149,TBD,TBD,DEFINED,TBD,TBD,TBD,TBD,TBD
OS-150,TBD,TBD,DEFINED,TBD,TBD,TBD,TBD,TBD
OS-151,TBD,TBD,DEFINED,TBD,TBD,TBD,TBD,TBD
OS-152,TBD,TBD,DEFINED,TBD,TBD,TBD,TBD,TBD
OS-153,TBD,TBD,DEFINED,TBD,TBD,TBD,TBD,TBD
OS-154,TBD,TBD,DEFINED,TBD,TBD,TBD,TBD,TBD
OS-155,TBD,TBD,DEFINED,TBD,TBD,TBD,TBD,TBD
OS-156,TBD,TBD,DEFINED,TBD,TBD,TBD,TBD,TBD
OS-157,TBD,TBD,DEFINED,TBD,TBD,TBD,TBD,TBD
OS-158,TBD,TBD,DEFINED,TBD,TBD,TBD,TBD,TBD
OS-159,TBD,TBD,DEFINED,TBD,TBD,TBD,TBD,TBD
OS-160,TBD,TBD,DEFINED,TBD,TBD,TBD,TBD,TBD
OS-161,TBD,TBD,DEFINED,TBD,TBD,TBD,TBD,TBD
OS-162,TBD,TBD,DEFINED,TBD,TBD,TBD,TBD,TBD
OS-163,TBD,TBD,DEFINED,TBD,TBD,TBD,TBD,TBD
OS-164,TBD,TBD,DEFINED,TBD,TBD,TBD,TBD,TBD
OS-165,TBD,TBD,DEFINED,TBD,TBD,TBD,TBD,TBD
OS-166,TBD,TBD,DEFINED,TBD,TBD,TBD,TBD,TBD
OS-167,TBD,TBD,DEFINED,TBD,TBD,TBD,TBD,TBD
OS-168,TBD,TBD,DEFINED,TBD,TBD,TBD,TBD,TBD
OS-169,TBD,TBD,DEFINED,TBD,TBD,TBD,TBD,TBD
OS-170,TBD,TBD,DEFINED,TBD,TBD,TBD,TBD,TBD
OS-171,TBD,TBD,DEFINED,TBD,TBD,TBD,TBD,TBD
OS-172,TBD,TBD,DEFINED,TBD,TBD,TBD,TBD,TBD
OS-173,TBD,TBD,DEFINED,TBD,TBD,TBD,TBD,TBD
OS-174,TBD,TBD,DEFINED,TBD,TBD,TBD,TBD,TBD
OS-175,TBD,TBD,DEFINED,TBD,TBD,TBD,TBD,TBD
OS-176,TBD,TBD,DEFINED,TBD,TBD,TBD,TBD,TBD
OS-177,TBD,TBD,DEFINED,TBD,TBD,TBD,TBD,TBD
OS-178,TBD,TBD,DEFINED,TBD,TBD,TBD,TBD,TBD
OS-179,TBD,TBD,DEFINED,TBD,TBD,TBD,TBD,TBD
OS-180,TBD,TBD,DEFINED,TBD,TBD,TBD,TBD,TBD
OS-181,TBD,TBD,DEFINED,TBD,TBD,TBD,TBD,TBD
OS-182,TBD,TBD,DEFINED,TBD,TBD,TBD,TBD,TBD
OS-183,TBD,TBD,DEFINED,TBD,TBD,TBD,TBD,TBD
OS-184,TBD,TBD,DEFINED,TBD,TBD,TBD,TBD,TBD
OS-185,TBD,TBD,DEFINED,TBD,TBD,TBD,TBD,TBD
OS-186,TBD,TBD,DEFINED,TBD,TBD,TBD,TBD,TBD
OS-187,TBD,TBD,DEFINED,TBD,TBD,TBD,TBD,TBD
OS-188,TBD,TBD,DEFINED,TBD,TBD,TBD,TBD,TBD
OS-189,TBD,TBD,DEFINED,TBD,TBD,TBD,TBD,TBD
OS-190,TBD,TBD,DEFINED,TBD,TBD,TBD,TBD,TBD
OS-191,TBD,TBD,DEFINED,TBD,TBD,TBD,TBD,TBD
OS-192,TBD,TBD,DEFINED,TBD,TBD,TBD,TBD,TBD
OS-193,TBD,TBD,DEFINED,TBD,TBD,TBD,TBD,TBD
OS-194,TBD,TBD,DEFINED,TBD,TBD,TBD,TBD,TBD
OS-195,TBD,TBD,DEFINED,TBD,TBD,TBD,TBD,TBD
OS-196,TBD,TBD,DEFINED,TBD,TBD,TBD,TBD,TBD
OS-197,TBD,TBD,DEFINED,TBD,TBD,TBD,TBD,TBD
OS-198,TBD,TBD,DEFINED,TBD,TBD,TBD,TBD,TBD
OS-199,TBD,TBD,DEFINED,TBD,TBD,TBD,TBD,TBD
OS-200,TBD,TBD,DEFINED,TBD,TBD,TBD,TBD,TBD
OS-201,TBD,TBD,DEFINED,TBD,TBD,TBD,TBD,TBD
OS-202,TBD,TBD,DEFINED,TBD,TBD,TBD,TBD,TBD
OS-203,TBD,TBD,DEFINED,TBD,TBD,TBD,TBD,TBD
OS-204,TBD,TBD,DEFINED,TBD,TBD,TBD,TBD,TBD
OS-205,TBD,TBD,DEFINED,TBD,TBD,TBD,TBD,TBD
OS-206,TBD,TBD,DEFINED,TBD,TBD,TBD,TBD,TBD
OS-207,TBD,TBD,DEFINED,TBD,TBD,TBD,TBD,TBD
OS-208,TBD,TBD,DEFINED,TBD,TBD,TBD,TBD,TBD
OS-209,TBD,TBD,DEFINED,TBD,TBD,TBD,TBD,TBD
OS-210,TBD,TBD,DEFINED,TBD,TBD,TBD,TBD,TBD
OS-211,TBD,TBD,DEFINED,TBD,TBD,TBD,TBD,TBD
OS-212,TBD,TBD,DEFINED,TBD,TBD,TBD,TBD,TBD
OS-213,TBD,TBD,DEFINED,TBD,TBD,TBD,TBD,TBD
OS-214,TBD,TBD,DEFINED,TBD,TBD,TBD,TBD,TBD
OS-215,TBD,TBD,DEFINED,TBD,TBD,TBD,TBD,TBD
OS-216,TBD,TBD,DEFINED,TBD,TBD,TBD,TBD,TBD
OS-217,TBD,TBD,DEFINED,TBD,TBD,TBD,TBD,TBD
OS-218,TBD,TBD,DEFINED,TBD,TBD,TBD,TBD,TBD
OS-219,TBD,TBD,DEFINED,TBD,TBD,TBD,TBD,TBD
OS-220,TBD,TBD,DEFINED,TBD,TBD,TBD,TBD,TBD
OS-221,TBD,TBD,DEFINED,TBD,TBD,TBD,TBD,TBD
OS-222,TBD,TBD,DEFINED,TBD,TBD,TBD,TBD,TBD
OS-223,TBD,TBD,DEFINED,TBD,TBD,TBD,TBD,TBD
OS-224,TBD,TBD,DEFINED,TBD,TBD,TBD,TBD,TBD
OS-225,TBD,TBD,DEFINED,TBD,TBD,TBD,TBD,TBD
OS-226,TBD,TBD,DEFINED,TBD,TBD,TBD,TBD,TBD
OS-227,TBD,TBD,DEFINED,TBD,TBD,TBD,TBD,TBD
OS-228,TBD,TBD,DEFINED,TBD,TBD,TBD,TBD,TBD
OS-229,TBD,TBD,DEFINED,TBD,TBD,TBD,TBD,TBD
OS-230,TBD,TBD,DEFINED,TBD,TBD,TBD,TBD,TBD
OS-231,TBD,TBD,DEFINED,TBD,TBD,TBD,TBD,TBD
OS-232,TBD,TBD,DEFINED,TBD,TBD,TBD,TBD,TBD
OS-233,TBD,TBD,DEFINED,TBD,TBD,TBD,TBD,TBD
OS-234,TBD,TBD,DEFINED,TBD,TBD,TBD,TBD,TBD
OS-235,TBD,TBD,DEFINED,TBD,TBD,TBD,TBD,TBD
OS-236,TBD,TBD,DEFINED,TBD,TBD,TBD,TBD,TBD
OS-237,TBD,TBD,DEFINED,TBD,TBD,TBD,TBD,TBD
OS-238,TBD,TBD,DEFINED,TBD,TBD,TBD,TBD,TBD
OS-239,TBD,TBD,DEFINED,TBD,TBD,TBD,TBD,TBD
OS-240,TBD,TBD,DEFINED,TBD,TBD,TBD,TBD,TBD
OS-241,TBD,TBD,DEFINED,TBD,TBD,TBD,TBD,TBD
OS-242,TBD,TBD,DEFINED,TBD,TBD,TBD,TBD,TBD
OS-243,TBD,TBD,DEFINED,TBD,TBD,TBD,TBD,TBD
OS-244,TBD,TBD,DEFINED,TBD,TBD,TBD,TBD,TBD
OS-245,TBD,TBD,DEFINED,TBD,TBD,TBD,TBD,TBD
OS-246,TBD,TBD,DEFINED,TBD,TBD,TBD,TBD,TBD
OS-247,TBD,TBD,DEFINED,TBD,TBD,TBD,TBD,TBD
OS-248,TBD,TBD,DEFINED,TBD,TBD,TBD,TBD,TBD
OS-249,TBD,TBD,DEFINED,TBD,TBD,TBD,TBD,TBD
OS-250,TBD,TBD,DEFINED,TBD,TBD,TBD,TBD,TBD
OS-251,TBD,TBD,DEFINED,TBD,TBD,TBD,TBD,TBD
OS-252,TBD,TBD,DEFINED,TBD,TBD,TBD,TBD,TBD
OS-253,TBD,TBD,DEFINED,TBD,TBD,TBD,TBD,TBD
OS-254,TBD,TBD,DEFINED,TBD,TBD,TBD,TBD,TBD
OS-255,TBD,TBD,DEFINED,TBD,TBD,TBD,TBD,TBD
OS-256,TBD,TBD,DEFINED,TBD,TBD,TBD,TBD,TBD
OS-257,TBD,TBD,DEFINED,TBD,TBD,TBD,TBD,TBD
OS-258,TBD,TBD,DEFINED,TBD,TBD,TBD,TBD,TBD
OS-259,TBD,TBD,DEFINED,TBD,TBD,TBD,TBD,TBD
OS-260,TBD,TBD,DEFINED,TBD,TBD,TBD,TBD,TBD
OS-261,TBD,TBD,DEFINED,TBD,TBD,TBD,TBD,TBD
OS-262,TBD,TBD,DEFINED,TBD,TBD,TBD,TBD,TBD
OS-263,TBD,TBD,DEFINED,TBD,TBD,TBD,TBD,TBD
OS-264,TBD,TBD,DEFINED,TBD,TBD,TBD,TBD,TBD
OS-265,TBD,TBD,DEFINED,TBD,TBD,TBD,TBD,TBD
OS-266,TBD,TBD,DEFINED,TBD,TBD,TBD,TBD,TBD
OS-267,TBD,TBD,DEFINED,TBD,TBD,TBD,TBD,TBD
OS-268,TBD,TBD,DEFINED,TBD,TBD,TBD,TBD,TBD
OS-269,TBD,TBD,DEFINED,TBD,TBD,TBD,TBD,TBD
