canonical_id,name,security_level,implementation_type,disposition,execution_eligibility,policy_route,approval_mode,required_controls
001,Banking OS,HIGH,INTEGRATION,REFRAME,ELIGIBLE_FOR_POLICY_EVALUATION,PILLARS_OS,POLICY_DEPENDENT,pillar_policy;actor_authorization;tenant_scope;audit;connector_scope
002,Vault-OS,CRITICAL,SHARED_SERVICE,REFRAME,ELIGIBLE_FOR_POLICY_EVALUATION,PILLARS_OS,EXPLICIT_APPROVAL_REQUIRED,pillar_policy;actor_authorization;tenant_scope;audit;explicit_approval
003,Tax-OS,HIGH,SHARED_SERVICE,REFRAME,ELIGIBLE_FOR_POLICY_EVALUATION,PILLARS_OS,POLICY_DEPENDENT,pillar_policy;actor_authorization;tenant_scope;audit
004,Currency-Forge OS,CRITICAL,R&D,R&D,RESEARCH_ONLY,PILLARS_OS,EXPLICIT_APPROVAL_REQUIRED,pillar_policy;actor_authorization;tenant_scope;audit;explicit_approval;research_boundary
005,Investment-Sweep OS,HIGH,AUTOMATION,REFRAME,ELIGIBLE_FOR_POLICY_EVALUATION,PILLARS_OS,POLICY_DEPENDENT,pillar_policy;actor_authorization;tenant_scope;audit;bounded_automation
006,Audit-Vigil OS,CRITICAL,SHARED_SERVICE,KEEP,ELIGIBLE_FOR_POLICY_EVALUATION,PILLARS_OS,EXPLICIT_APPROVAL_REQUIRED,pillar_policy;actor_authorization;tenant_scope;audit;explicit_approval
007,Profit-Extraction OS,HIGH,POLICY,REFRAME,ELIGIBLE_FOR_POLICY_EVALUATION,PILLARS_OS,POLICY_DEPENDENT,pillar_policy;actor_authorization;tenant_scope;audit
008,Capital-Allocation OS,HIGH,SHARED_SERVICE,KEEP,ELIGIBLE_FOR_POLICY_EVALUATION,PILLARS_OS,POLICY_DEPENDENT,pillar_policy;actor_authorization;tenant_scope;audit
009,Equity-Capture OS,HIGH,SHARED_SERVICE,REFRAME,ELIGIBLE_FOR_POLICY_EVALUATION,PILLARS_OS,POLICY_DEPENDENT,pillar_policy;actor_authorization;tenant_scope;audit
010,Liquidity-Pool OS,CRITICAL,SHARED_SERVICE,REFRAME,ELIGIBLE_FOR_POLICY_EVALUATION,PILLARS_OS,EXPLICIT_APPROVAL_REQUIRED,pillar_policy;actor_authorization;tenant_scope;audit;explicit_approval
011,Asset-Harden OS,HIGH,POLICY,REFRAME,ELIGIBLE_FOR_POLICY_EVALUATION,PILLARS_OS,POLICY_DEPENDENT,pillar_policy;actor_authorization;tenant_scope;audit
012,Director-Loan OS,HIGH,POLICY,REFRAME,ELIGIBLE_FOR_POLICY_EVALUATION,PILLARS_OS,POLICY_DEPENDENT,pillar_policy;actor_authorization;tenant_scope;audit
013,Offshore-Shield OS,CRITICAL,POLICY,REFRAME,ELIGIBLE_FOR_POLICY_EVALUATION,PILLARS_OS,EXPLICIT_APPROVAL_REQUIRED,pillar_policy;actor_authorization;tenant_scope;audit;explicit_approval
014,Fiat-Hedge OS,CRITICAL,SHARED_SERVICE,REFRAME,ELIGIBLE_FOR_POLICY_EVALUATION,PILLARS_OS,EXPLICIT_APPROVAL_REQUIRED,pillar_policy;actor_authorization;tenant_scope;audit;explicit_approval
015,Credit-Score OS,HIGH,DATA_PRODUCT,REFRAME,ELIGIBLE_FOR_POLICY_EVALUATION,PILLARS_OS,POLICY_DEPENDENT,pillar_policy;actor_authorization;tenant_scope;audit
016,Debt-Weaponization OS,HIGH,RETIRED_REFRAMED,REFRAME,CANONICAL_REFRAME_ONLY,PILLARS_OS,POLICY_DEPENDENT,pillar_policy;actor_authorization;tenant_scope;audit;canonical_reframe_only
017,Medici-Ledger OS,CRITICAL,CORE,REFRAME,ELIGIBLE_FOR_POLICY_EVALUATION,PILLARS_OS,EXPLICIT_APPROVAL_REQUIRED,pillar_policy;actor_authorization;tenant_scope;audit;explicit_approval
018,Wealth-Persistence OS,HIGH,POLICY,KEEP,ELIGIBLE_FOR_POLICY_EVALUATION,PILLARS_OS,POLICY_DEPENDENT,pillar_policy;actor_authorization;tenant_scope;audit
019,Arbitrage OS,HIGH,DATA_PRODUCT,REFRAME,ELIGIBLE_FOR_POLICY_EVALUATION,PILLARS_OS,POLICY_DEPENDENT,pillar_policy;actor_authorization;tenant_scope;audit
020,War-Chest OS,CRITICAL,SHARED_SERVICE,REFRAME,ELIGIBLE_FOR_POLICY_EVALUATION,PILLARS_OS,EXPLICIT_APPROVAL_REQUIRED,pillar_policy;actor_authorization;tenant_scope;audit;explicit_approval
021,Crown OS,CRITICAL,POLICY,REFRAME,ELIGIBLE_FOR_POLICY_EVALUATION,PILLARS_OS,EXPLICIT_APPROVAL_REQUIRED,pillar_policy;actor_authorization;tenant_scope;audit;explicit_approval
022,Architect OS,CRITICAL,SHARED_SERVICE,REFRAME,ELIGIBLE_FOR_POLICY_EVALUATION,PILLARS_OS,EXPLICIT_APPROVAL_REQUIRED,pillar_policy;actor_authorization;tenant_scope;audit;explicit_approval
023,Regency OS,HIGH,POLICY,REFRAME,ELIGIBLE_FOR_POLICY_EVALUATION,PILLARS_OS,POLICY_DEPENDENT,pillar_policy;actor_authorization;tenant_scope;audit
024,Kiro-OS,MEDIUM,AUTOMATION,KEEP,ELIGIBLE_FOR_POLICY_EVALUATION,PILLARS_OS,STANDARD,pillar_policy;actor_authorization;tenant_scope;audit;bounded_automation
025,Servitor-OS,HIGH,AUTOMATION,REFRAME,ELIGIBLE_FOR_POLICY_EVALUATION,PILLARS_OS,POLICY_DEPENDENT,pillar_policy;actor_authorization;tenant_scope;audit;bounded_automation
026,Programming-OS,HIGH,SHARED_SERVICE,REFRAME,ELIGIBLE_FOR_POLICY_EVALUATION,PILLARS_OS,POLICY_DEPENDENT,pillar_policy;actor_authorization;tenant_scope;audit
027,Repository OS,HIGH,SHARED_SERVICE,KEEP,ELIGIBLE_FOR_POLICY_EVALUATION,PILLARS_OS,POLICY_DEPENDENT,pillar_policy;actor_authorization;tenant_scope;audit
028,Cloud-OS,CRITICAL,CORE,REFRAME,ELIGIBLE_FOR_POLICY_EVALUATION,PILLARS_OS,EXPLICIT_APPROVAL_REQUIRED,pillar_policy;actor_authorization;tenant_scope;audit;explicit_approval
029,Deployment OS,CRITICAL,CORE,KEEP,ELIGIBLE_FOR_POLICY_EVALUATION,PILLARS_OS,EXPLICIT_APPROVAL_REQUIRED,pillar_policy;actor_authorization;tenant_scope;audit;explicit_approval
030,Edge-Function OS,HIGH,CORE,REFRAME,ELIGIBLE_FOR_POLICY_EVALUATION,PILLARS_OS,POLICY_DEPENDENT,pillar_policy;actor_authorization;tenant_scope;audit
031,Cron-Job OS,HIGH,CORE,KEEP,ELIGIBLE_FOR_POLICY_EVALUATION,PILLARS_OS,POLICY_DEPENDENT,pillar_policy;actor_authorization;tenant_scope;audit
032,Automation-Pipe OS,HIGH,SHARED_SERVICE,REFRAME,ELIGIBLE_FOR_POLICY_EVALUATION,PILLARS_OS,POLICY_DEPENDENT,pillar_policy;actor_authorization;tenant_scope;audit
033,Monitoring OS,CRITICAL,CORE,KEEP,ELIGIBLE_FOR_POLICY_EVALUATION,PILLARS_OS,EXPLICIT_APPROVAL_REQUIRED,pillar_policy;actor_authorization;tenant_scope;audit;explicit_approval
034,Error-Correction OS,HIGH,AUTOMATION,REFRAME,ELIGIBLE_FOR_POLICY_EVALUATION,PILLARS_OS,POLICY_DEPENDENT,pillar_policy;actor_authorization;tenant_scope;audit;bounded_automation
035,Scale-OS,HIGH,SHARED_SERVICE,REFRAME,ELIGIBLE_FOR_POLICY_EVALUATION,PILLARS_OS,POLICY_DEPENDENT,pillar_policy;actor_authorization;tenant_scope;audit
036,Optimization OS,HIGH,AUTOMATION,REFRAME,ELIGIBLE_FOR_POLICY_EVALUATION,PILLARS_OS,POLICY_DEPENDENT,pillar_policy;actor_authorization;tenant_scope;audit;bounded_automation
037,Load-Balance OS,CRITICAL,CORE,KEEP,ELIGIBLE_FOR_POLICY_EVALUATION,PILLARS_OS,EXPLICIT_APPROVAL_REQUIRED,pillar_policy;actor_authorization;tenant_scope;audit;explicit_approval
038,Security OS,CRITICAL,CORE,REFRAME,ELIGIBLE_FOR_POLICY_EVALUATION,PILLARS_OS,EXPLICIT_APPROVAL_REQUIRED,pillar_policy;actor_authorization;tenant_scope;audit;explicit_approval
039,Firewall OS,CRITICAL,CORE,REFRAME,ELIGIBLE_FOR_POLICY_EVALUATION,PILLARS_OS,EXPLICIT_APPROVAL_REQUIRED,pillar_policy;actor_authorization;tenant_scope;audit;explicit_approval
040,Encryption OS,CRITICAL,CORE,REFRAME,ELIGIBLE_FOR_POLICY_EVALUATION,PILLARS_OS,EXPLICIT_APPROVAL_REQUIRED,pillar_policy;actor_authorization;tenant_scope;audit;explicit_approval
041,Protocol OS,HIGH,CORE,KEEP,ELIGIBLE_FOR_POLICY_EVALUATION,PILLARS_OS,POLICY_DEPENDENT,pillar_policy;actor_authorization;tenant_scope;audit
042,Identity OS,CRITICAL,CORE,REFRAME,ELIGIBLE_FOR_POLICY_EVALUATION,PILLARS_OS,EXPLICIT_APPROVAL_REQUIRED,pillar_policy;actor_authorization;tenant_scope;audit;explicit_approval
043,Access-Control OS,CRITICAL,CORE,KEEP,ELIGIBLE_FOR_POLICY_EVALUATION,PILLARS_OS,EXPLICIT_APPROVAL_REQUIRED,pillar_policy;actor_authorization;tenant_scope;audit;explicit_approval
044,Stealth OS,HIGH,RETIRED_REFRAMED,REFRAME,CANONICAL_REFRAME_ONLY,PILLARS_OS,POLICY_DEPENDENT,pillar_policy;actor_authorization;tenant_scope;audit;canonical_reframe_only
045,Jurisdiction OS,CRITICAL,SHARED_SERVICE,REFRAME,ELIGIBLE_FOR_POLICY_EVALUATION,PILLARS_OS,EXPLICIT_APPROVAL_REQUIRED,pillar_policy;actor_authorization;tenant_scope;audit;explicit_approval
046,Compliance OS,CRITICAL,SHARED_SERVICE,REFRAME,ELIGIBLE_FOR_POLICY_EVALUATION,PILLARS_OS,EXPLICIT_APPROVAL_REQUIRED,pillar_policy;actor_authorization;tenant_scope;audit;explicit_approval
047,Legal-Bot OS,CRITICAL,SHARED_SERVICE,REFRAME,ELIGIBLE_FOR_POLICY_EVALUATION,PILLARS_OS,EXPLICIT_APPROVAL_REQUIRED,pillar_policy;actor_authorization;tenant_scope;audit;explicit_approval
048,Contract OS,CRITICAL,SHARED_SERVICE,KEEP,ELIGIBLE_FOR_POLICY_EVALUATION,PILLARS_OS,EXPLICIT_APPROVAL_REQUIRED,pillar_policy;actor_authorization;tenant_scope;audit;explicit_approval
049,Governance OS,CRITICAL,POLICY,REFRAME,ELIGIBLE_FOR_POLICY_EVALUATION,PILLARS_OS,EXPLICIT_APPROVAL_REQUIRED,pillar_policy;actor_authorization;tenant_scope;audit;explicit_approval
050,Executive-Action OS,CRITICAL,AUTOMATION,REFRAME,ELIGIBLE_FOR_POLICY_EVALUATION,PILLARS_OS,EXPLICIT_APPROVAL_REQUIRED,pillar_policy;actor_authorization;tenant_scope;audit;explicit_approval;bounded_automation
051,Sentiment OS,HIGH,DATA_PRODUCT,KEEP,ELIGIBLE_FOR_POLICY_EVALUATION,PILLARS_OS,POLICY_DEPENDENT,pillar_policy;actor_authorization;tenant_scope;audit;data_governance
052,Narrative OS,MEDIUM,SHARED_SERVICE,REFRAME,ELIGIBLE_FOR_POLICY_EVALUATION,PILLARS_OS,STANDARD,pillar_policy;actor_authorization;tenant_scope;audit;data_governance
053,Mind-Virus OS,HIGH,RETIRED_REFRAMED,REFRAME,CANONICAL_REFRAME_ONLY,PILLARS_OS,POLICY_DEPENDENT,pillar_policy;actor_authorization;tenant_scope;audit;canonical_reframe_only;data_governance
054,Propaganda OS,HIGH,RETIRED_REFRAMED,REFRAME,CANONICAL_REFRAME_ONLY,PILLARS_OS,POLICY_DEPENDENT,pillar_policy;actor_authorization;tenant_scope;audit;canonical_reframe_only;data_governance
055,Psych-Prime OS,HIGH,RETIRED_REFRAMED,REFRAME,CANONICAL_REFRAME_ONLY,PILLARS_OS,POLICY_DEPENDENT,pillar_policy;actor_authorization;tenant_scope;audit;canonical_reframe_only;data_governance
056,Marketing OS,HIGH,PRODUCT,REFRAME,ELIGIBLE_FOR_POLICY_EVALUATION,PILLARS_OS,POLICY_DEPENDENT,pillar_policy;actor_authorization;tenant_scope;audit;data_governance
057,Viral-Loop OS,HIGH,AUTOMATION,REFRAME,ELIGIBLE_FOR_POLICY_EVALUATION,PILLARS_OS,POLICY_DEPENDENT,pillar_policy;actor_authorization;tenant_scope;audit;bounded_automation;data_governance
058,Customer-Capture OS,HIGH,PRODUCT,REFRAME,ELIGIBLE_FOR_POLICY_EVALUATION,PILLARS_OS,POLICY_DEPENDENT,pillar_policy;actor_authorization;tenant_scope;audit;data_governance
059,Brand-Authority OS,MEDIUM,SHARED_SERVICE,REFRAME,ELIGIBLE_FOR_POLICY_EVALUATION,PILLARS_OS,STANDARD,pillar_policy;actor_authorization;tenant_scope;audit;data_governance
060,Legend-Build OS,MEDIUM,DATA_PRODUCT,REFRAME,ELIGIBLE_FOR_POLICY_EVALUATION,PILLARS_OS,STANDARD,pillar_policy;actor_authorization;tenant_scope;audit;data_governance
061,Simulation-Warfare OS,HIGH,DATA_PRODUCT,REFRAME,ELIGIBLE_FOR_POLICY_EVALUATION,PILLARS_OS,POLICY_DEPENDENT,pillar_policy;actor_authorization;tenant_scope;audit;data_governance
062,Game-Theory OS,HIGH,DATA_PRODUCT,REFRAME,ELIGIBLE_FOR_POLICY_EVALUATION,PILLARS_OS,POLICY_DEPENDENT,pillar_policy;actor_authorization;tenant_scope;audit;data_governance
063,Competitor-Analysis OS,HIGH,DATA_PRODUCT,REFRAME,ELIGIBLE_FOR_POLICY_EVALUATION,PILLARS_OS,POLICY_DEPENDENT,pillar_policy;actor_authorization;tenant_scope;audit;data_governance
064,Espionage OS,CRITICAL,RETIRED_REFRAMED,REFRAME,CANONICAL_REFRAME_ONLY,PILLARS_OS,EXPLICIT_APPROVAL_REQUIRED,pillar_policy;actor_authorization;tenant_scope;audit;explicit_approval;canonical_reframe_only;data_governance
065,Recon OS,HIGH,DATA_PRODUCT,REFRAME,ELIGIBLE_FOR_POLICY_EVALUATION,PILLARS_OS,POLICY_DEPENDENT,pillar_policy;actor_authorization;tenant_scope;audit
066,Information-Vacuum OS,CRITICAL,SHARED_SERVICE,REFRAME,ELIGIBLE_FOR_POLICY_EVALUATION,PILLARS_OS,EXPLICIT_APPROVAL_REQUIRED,pillar_policy;actor_authorization;tenant_scope;audit;explicit_approval;data_governance
067,Signal-Filter OS,HIGH,DATA_PRODUCT,REFRAME,ELIGIBLE_FOR_POLICY_EVALUATION,PILLARS_OS,POLICY_DEPENDENT,pillar_policy;actor_authorization;tenant_scope;audit;data_governance
068,Logic-Chain OS,HIGH,SHARED_SERVICE,KEEP,ELIGIBLE_FOR_POLICY_EVALUATION,PILLARS_OS,POLICY_DEPENDENT,pillar_policy;actor_authorization;tenant_scope;audit;data_governance
069,Reasoning OS,HIGH,SHARED_SERVICE,REFRAME,ELIGIBLE_FOR_POLICY_EVALUATION,PILLARS_OS,POLICY_DEPENDENT,pillar_policy;actor_authorization;tenant_scope;audit;data_governance
070,Synthesis OS,CRITICAL,SHARED_SERVICE,REFRAME,ELIGIBLE_FOR_POLICY_EVALUATION,PILLARS_OS,EXPLICIT_APPROVAL_REQUIRED,pillar_policy;actor_authorization;tenant_scope;audit;explicit_approval;data_governance
071,Decision-Matrix OS,CRITICAL,SHARED_SERVICE,KEEP,ELIGIBLE_FOR_POLICY_EVALUATION,PILLARS_OS,EXPLICIT_APPROVAL_REQUIRED,pillar_policy;actor_authorization;tenant_scope;audit;explicit_approval;data_governance
072,Strategy-Draft OS,HIGH,SHARED_SERVICE,REFRAME,ELIGIBLE_FOR_POLICY_EVALUATION,PILLARS_OS,POLICY_DEPENDENT,pillar_policy;actor_authorization;tenant_scope;audit;data_governance
073,Tactical-Execution OS,CRITICAL,AUTOMATION,REFRAME,ELIGIBLE_FOR_POLICY_EVALUATION,PILLARS_OS,EXPLICIT_APPROVAL_REQUIRED,pillar_policy;actor_authorization;tenant_scope;audit;explicit_approval;bounded_automation
074,Conquest-Map OS,HIGH,RETIRED_REFRAMED,REFRAME,CANONICAL_REFRAME_ONLY,PILLARS_OS,POLICY_DEPENDENT,pillar_policy;actor_authorization;tenant_scope;audit;canonical_reframe_only;data_governance
075,Empire-Growth OS,HIGH,SHARED_SERVICE,REFRAME,ELIGIBLE_FOR_POLICY_EVALUATION,PILLARS_OS,POLICY_DEPENDENT,pillar_policy;actor_authorization;tenant_scope;audit
076,Sovereign OS,CRITICAL,RETIRED_REFRAMED,REFRAME,CANONICAL_REFRAME_ONLY,PILLARS_OS,EXPLICIT_APPROVAL_REQUIRED,pillar_policy;actor_authorization;tenant_scope;audit;explicit_approval;canonical_reframe_only
077,Hegemony OS,HIGH,RETIRED_REFRAMED,REFRAME,CANONICAL_REFRAME_ONLY,PILLARS_OS,POLICY_DEPENDENT,pillar_policy;actor_authorization;tenant_scope;audit;canonical_reframe_only;data_governance
078,Shadow-Strategy OS,CRITICAL,RETIRED_REFRAMED,REFRAME,CANONICAL_REFRAME_ONLY,PILLARS_OS,EXPLICIT_APPROVAL_REQUIRED,pillar_policy;actor_authorization;tenant_scope;audit;explicit_approval;canonical_reframe_only
079,Alliance OS,HIGH,SHARED_SERVICE,REFRAME,ELIGIBLE_FOR_POLICY_EVALUATION,PILLARS_OS,POLICY_DEPENDENT,pillar_policy;actor_authorization;tenant_scope;audit;data_governance
080,Neutral-Harbor OS,CRITICAL,POLICY,REFRAME,ELIGIBLE_FOR_POLICY_EVALUATION,PILLARS_OS,EXPLICIT_APPROVAL_REQUIRED,pillar_policy;actor_authorization;tenant_scope;audit;explicit_approval
081,Quantum-Safe OS,CRITICAL,R&D,R&D,RESEARCH_ONLY,PILLARS_OS,EXPLICIT_APPROVAL_REQUIRED,pillar_policy;actor_authorization;tenant_scope;audit;explicit_approval;research_boundary
082,Lattice-Crypt OS,CRITICAL,R&D,R&D,RESEARCH_ONLY,PILLARS_OS,EXPLICIT_APPROVAL_REQUIRED,pillar_policy;actor_authorization;tenant_scope;audit;explicit_approval;research_boundary
083,Archive OS,CRITICAL,CORE,REFRAME,ELIGIBLE_FOR_POLICY_EVALUATION,PILLARS_OS,EXPLICIT_APPROVAL_REQUIRED,pillar_policy;actor_authorization;tenant_scope;audit;explicit_approval;data_governance
084,Knowledge OS,HIGH,CORE,REFRAME,ELIGIBLE_FOR_POLICY_EVALUATION,PILLARS_OS,POLICY_DEPENDENT,pillar_policy;actor_authorization;tenant_scope;audit;data_governance
085,Imperial-Library OS,CRITICAL,CORE,REFRAME,ELIGIBLE_FOR_POLICY_EVALUATION,PILLARS_OS,EXPLICIT_APPROVAL_REQUIRED,pillar_policy;actor_authorization;tenant_scope;audit;explicit_approval;data_governance
086,Succession OS,CRITICAL,POLICY,REFRAME,ELIGIBLE_FOR_POLICY_EVALUATION,PILLARS_OS,EXPLICIT_APPROVAL_REQUIRED,pillar_policy;actor_authorization;tenant_scope;audit;explicit_approval
087,Digital-Lucas Node,CRITICAL,R&D,REFRAME,RESEARCH_ONLY,PILLARS_OS,EXPLICIT_APPROVAL_REQUIRED,pillar_policy;actor_authorization;tenant_scope;audit;explicit_approval;research_boundary;data_governance
088,Neural-Mirror OS,CRITICAL,R&D,REFRAME,RESEARCH_ONLY,PILLARS_OS,EXPLICIT_APPROVAL_REQUIRED,pillar_policy;actor_authorization;tenant_scope;audit;explicit_approval;research_boundary;data_governance
089,Biological-Fidelity OS,HIGH,RETIRED_REFRAMED,REFRAME,RESEARCH_ONLY,PILLARS_OS,POLICY_DEPENDENT,pillar_policy;actor_authorization;tenant_scope;audit;research_boundary;data_governance
090,Pattern-Match OS,HIGH,DATA_PRODUCT,REFRAME,ELIGIBLE_FOR_POLICY_EVALUATION,PILLARS_OS,POLICY_DEPENDENT,pillar_policy;actor_authorization;tenant_scope;audit;data_governance
091,Memory-Bank OS,HIGH,SHARED_SERVICE,REFRAME,ELIGIBLE_FOR_POLICY_EVALUATION,PILLARS_OS,POLICY_DEPENDENT,pillar_policy;actor_authorization;tenant_scope;audit;data_governance
092,Legacy OS,HIGH,POLICY,REFRAME,ELIGIBLE_FOR_POLICY_EVALUATION,PILLARS_OS,POLICY_DEPENDENT,pillar_policy;actor_authorization;tenant_scope;audit
093,Time-Horizon OS,HIGH,DATA_PRODUCT,REFRAME,ELIGIBLE_FOR_POLICY_EVALUATION,PILLARS_OS,POLICY_DEPENDENT,pillar_policy;actor_authorization;tenant_scope;audit;data_governance
094,Predictive-Crisis OS,HIGH,DATA_PRODUCT,REFRAME,ELIGIBLE_FOR_POLICY_EVALUATION,PILLARS_OS,POLICY_DEPENDENT,pillar_policy;actor_authorization;tenant_scope;audit;data_governance
095,Black-Swan OS,CRITICAL,POLICY,REFRAME,ELIGIBLE_FOR_POLICY_EVALUATION,PILLARS_OS,EXPLICIT_APPROVAL_REQUIRED,pillar_policy;actor_authorization;tenant_scope;audit;explicit_approval
096,Stability OS,CRITICAL,SHARED_SERVICE,REFRAME,ELIGIBLE_FOR_POLICY_EVALUATION,PILLARS_OS,EXPLICIT_APPROVAL_REQUIRED,pillar_policy;actor_authorization;tenant_scope;audit;explicit_approval
097,Equilibrium OS,HIGH,DATA_PRODUCT,REFRAME,ELIGIBLE_FOR_POLICY_EVALUATION,PILLARS_OS,POLICY_DEPENDENT,pillar_policy;actor_authorization;tenant_scope;audit;data_governance
098,Singularity OS,CRITICAL,R&D,REFRAME,RESEARCH_ONLY,PILLARS_OS,EXPLICIT_APPROVAL_REQUIRED,pillar_policy;actor_authorization;tenant_scope;audit;explicit_approval;research_boundary;data_governance
099,Evolution OS,CRITICAL,AUTOMATION,REFRAME,ELIGIBLE_FOR_POLICY_EVALUATION,PILLARS_OS,EXPLICIT_APPROVAL_REQUIRED,pillar_policy;actor_authorization;tenant_scope;audit;explicit_approval;bounded_automation
100,Omega OS,CRITICAL,R&D,REFRAME,RESEARCH_ONLY,PILLARS_OS,EXPLICIT_APPROVAL_REQUIRED,pillar_policy;actor_authorization;tenant_scope;audit;explicit_approval;research_boundary;data_governance
101,Mining OS,CRITICAL,DATA_PRODUCT,REFRAME,ELIGIBLE_FOR_POLICY_EVALUATION,PILLARS_OS,EXPLICIT_APPROVAL_REQUIRED,pillar_policy;actor_authorization;tenant_scope;audit;explicit_approval
102,Rare-Earth OS,HIGH,DATA_PRODUCT,REFRAME,ELIGIBLE_FOR_POLICY_EVALUATION,PILLARS_OS,POLICY_DEPENDENT,pillar_policy;actor_authorization;tenant_scope;audit
103,Energy OS,CRITICAL,SHARED_SERVICE,REFRAME,ELIGIBLE_FOR_POLICY_EVALUATION,PILLARS_OS,EXPLICIT_APPROVAL_REQUIRED,pillar_policy;actor_authorization;tenant_scope;audit;explicit_approval
104,Solar-Grid OS,CRITICAL,SHARED_SERVICE,KEEP,ELIGIBLE_FOR_POLICY_EVALUATION,PILLARS_OS,EXPLICIT_APPROVAL_REQUIRED,pillar_policy;actor_authorization;tenant_scope;audit;explicit_approval
105,Battery-Storage OS,CRITICAL,SHARED_SERVICE,REFRAME,ELIGIBLE_FOR_POLICY_EVALUATION,PILLARS_OS,EXPLICIT_APPROVAL_REQUIRED,pillar_policy;actor_authorization;tenant_scope;audit;explicit_approval
106,Extraction OS,CRITICAL,RETIRED_REFRAMED,REFRAME,CANONICAL_REFRAME_ONLY,PILLARS_OS,EXPLICIT_APPROVAL_REQUIRED,pillar_policy;actor_authorization;tenant_scope;audit;explicit_approval;canonical_reframe_only
107,Refinery OS,CRITICAL,RETIRED_REFRAMED,REFRAME,CANONICAL_REFRAME_ONLY,PILLARS_OS,EXPLICIT_APPROVAL_REQUIRED,pillar_policy;actor_authorization;tenant_scope;audit;explicit_approval;canonical_reframe_only
108,Production OS,HIGH,SHARED_SERVICE,REFRAME,ELIGIBLE_FOR_POLICY_EVALUATION,PILLARS_OS,POLICY_DEPENDENT,pillar_policy;actor_authorization;tenant_scope;audit
109,Manufacturing OS,HIGH,SHARED_SERVICE,REFRAME,ELIGIBLE_FOR_POLICY_EVALUATION,PILLARS_OS,POLICY_DEPENDENT,pillar_policy;actor_authorization;tenant_scope;audit
110,Hardware OS,HIGH,SHARED_SERVICE,KEEP,ELIGIBLE_FOR_POLICY_EVALUATION,PILLARS_OS,POLICY_DEPENDENT,pillar_policy;actor_authorization;tenant_scope;audit
111,Robotics OS,CRITICAL,R&D,REFRAME,RESEARCH_ONLY,PILLARS_OS,EXPLICIT_APPROVAL_REQUIRED,pillar_policy;actor_authorization;tenant_scope;audit;explicit_approval;research_boundary
112,Actuator OS,CRITICAL,R&D,REFRAME,RESEARCH_ONLY,PILLARS_OS,EXPLICIT_APPROVAL_REQUIRED,pillar_policy;actor_authorization;tenant_scope;audit;explicit_approval;research_boundary
113,Drone-Swarm OS,CRITICAL,R&D,REFRAME,RESEARCH_ONLY,PILLARS_OS,EXPLICIT_APPROVAL_REQUIRED,pillar_policy;actor_authorization;tenant_scope;audit;explicit_approval;research_boundary
114,Fleet OS,HIGH,PRODUCT,REFRAME,ELIGIBLE_FOR_POLICY_EVALUATION,PILLARS_OS,POLICY_DEPENDENT,pillar_policy;actor_authorization;tenant_scope;audit
115,Logistics OS,HIGH,PRODUCT,REFRAME,ELIGIBLE_FOR_POLICY_EVALUATION,PILLARS_OS,POLICY_DEPENDENT,pillar_policy;actor_authorization;tenant_scope;audit
116,Supply-Chain OS,HIGH,PRODUCT,REFRAME,ELIGIBLE_FOR_POLICY_EVALUATION,PILLARS_OS,POLICY_DEPENDENT,pillar_policy;actor_authorization;tenant_scope;audit
117,Warehousing OS,HIGH,PRODUCT,REFRAME,ELIGIBLE_FOR_POLICY_EVALUATION,PILLARS_OS,POLICY_DEPENDENT,pillar_policy;actor_authorization;tenant_scope;audit
118,Inventory OS,HIGH,PRODUCT,KEEP,ELIGIBLE_FOR_POLICY_EVALUATION,PILLARS_OS,POLICY_DEPENDENT,pillar_policy;actor_authorization;tenant_scope;audit
119,Procurement OS,HIGH,PRODUCT,REFRAME,ELIGIBLE_FOR_POLICY_EVALUATION,PILLARS_OS,POLICY_DEPENDENT,pillar_policy;actor_authorization;tenant_scope;audit
120,Courier OS,HIGH,PRODUCT,KEEP,ELIGIBLE_FOR_POLICY_EVALUATION,PILLARS_OS,POLICY_DEPENDENT,pillar_policy;actor_authorization;tenant_scope;audit
121,Ghost-Node OS,HIGH,RETIRED_REFRAMED,REFRAME,CANONICAL_REFRAME_ONLY,PILLARS_OS,POLICY_DEPENDENT,pillar_policy;actor_authorization;tenant_scope;audit;canonical_reframe_only
122,Locker OS,HIGH,PRODUCT,KEEP,ELIGIBLE_FOR_POLICY_EVALUATION,PILLARS_OS,POLICY_DEPENDENT,pillar_policy;actor_authorization;tenant_scope;audit
123,Regional-Trade OS,CRITICAL,DATA_PRODUCT,REFRAME,ELIGIBLE_FOR_POLICY_EVALUATION,PILLARS_OS,EXPLICIT_APPROVAL_REQUIRED,pillar_policy;actor_authorization;tenant_scope;audit;explicit_approval
124,SADC-Rail OS,HIGH,DATA_PRODUCT,REFRAME,ELIGIBLE_FOR_POLICY_EVALUATION,PILLARS_OS,POLICY_DEPENDENT,pillar_policy;actor_authorization;tenant_scope;audit
125,Corridor OS,HIGH,DATA_PRODUCT,REFRAME,ELIGIBLE_FOR_POLICY_EVALUATION,PILLARS_OS,POLICY_DEPENDENT,pillar_policy;actor_authorization;tenant_scope;audit
126,Property OS,HIGH,PRODUCT,REFRAME,ELIGIBLE_FOR_POLICY_EVALUATION,PILLARS_OS,POLICY_DEPENDENT,pillar_policy;actor_authorization;tenant_scope;audit
127,Land-Title OS,CRITICAL,DATA_PRODUCT,REFRAME,ELIGIBLE_FOR_POLICY_EVALUATION,PILLARS_OS,EXPLICIT_APPROVAL_REQUIRED,pillar_policy;actor_authorization;tenant_scope;audit;explicit_approval;data_governance
128,Agriculture OS,HIGH,R&D,REFRAME,RESEARCH_ONLY,PILLARS_OS,POLICY_DEPENDENT,pillar_policy;actor_authorization;tenant_scope;audit;research_boundary
129,Water-Source OS,CRITICAL,SHARED_SERVICE,REFRAME,ELIGIBLE_FOR_POLICY_EVALUATION,PILLARS_OS,EXPLICIT_APPROVAL_REQUIRED,pillar_policy;actor_authorization;tenant_scope;audit;explicit_approval
130,Construction OS,CRITICAL,SHARED_SERVICE,REFRAME,ELIGIBLE_FOR_POLICY_EVALUATION,PILLARS_OS,EXPLICIT_APPROVAL_REQUIRED,pillar_policy;actor_authorization;tenant_scope;audit;explicit_approval
131,Infrastructure OS,CRITICAL,SHARED_SERVICE,REFRAME,ELIGIBLE_FOR_POLICY_EVALUATION,PILLARS_OS,EXPLICIT_APPROVAL_REQUIRED,pillar_policy;actor_authorization;tenant_scope;audit;explicit_approval
132,Smart-City OS,CRITICAL,R&D,REFRAME,RESEARCH_ONLY,PILLARS_OS,EXPLICIT_APPROVAL_REQUIRED,pillar_policy;actor_authorization;tenant_scope;audit;explicit_approval;research_boundary
133,Zoning OS,CRITICAL,DATA_PRODUCT,REFRAME,ELIGIBLE_FOR_POLICY_EVALUATION,PILLARS_OS,EXPLICIT_APPROVAL_REQUIRED,pillar_policy;actor_authorization;tenant_scope;audit;explicit_approval
134,Urban-Capture OS,HIGH,RETIRED_REFRAMED,REFRAME,CANONICAL_REFRAME_ONLY,PILLARS_OS,POLICY_DEPENDENT,pillar_policy;actor_authorization;tenant_scope;audit;canonical_reframe_only
135,Rural-Anchor OS,HIGH,RETIRED_REFRAMED,REFRAME,CANONICAL_REFRAME_ONLY,PILLARS_OS,POLICY_DEPENDENT,pillar_policy;actor_authorization;tenant_scope;audit;canonical_reframe_only
136,Satellite OS,CRITICAL,R&D,R&D,RESEARCH_ONLY,PILLARS_OS,EXPLICIT_APPROVAL_REQUIRED,pillar_policy;actor_authorization;tenant_scope;audit;explicit_approval;research_boundary
137,Orbital OS,CRITICAL,R&D,R&D,RESEARCH_ONLY,PILLARS_OS,EXPLICIT_APPROVAL_REQUIRED,pillar_policy;actor_authorization;tenant_scope;audit;explicit_approval;research_boundary
138,Star-Link OS,HIGH,INTEGRATION,REFRAME,ELIGIBLE_FOR_POLICY_EVALUATION,PILLARS_OS,POLICY_DEPENDENT,pillar_policy;actor_authorization;tenant_scope;audit;connector_scope
139,Geospatial OS,CRITICAL,DATA_PRODUCT,REFRAME,ELIGIBLE_FOR_POLICY_EVALUATION,PILLARS_OS,EXPLICIT_APPROVAL_REQUIRED,pillar_policy;actor_authorization;tenant_scope;audit;explicit_approval;data_governance
140,Mapping OS,HIGH,DATA_PRODUCT,REFRAME,ELIGIBLE_FOR_POLICY_EVALUATION,PILLARS_OS,POLICY_DEPENDENT,pillar_policy;actor_authorization;tenant_scope;audit;data_governance
141,Climate OS,HIGH,DATA_PRODUCT,REFRAME,ELIGIBLE_FOR_POLICY_EVALUATION,PILLARS_OS,POLICY_DEPENDENT,pillar_policy;actor_authorization;tenant_scope;audit;data_governance
142,Environment OS,HIGH,DATA_PRODUCT,REFRAME,ELIGIBLE_FOR_POLICY_EVALUATION,PILLARS_OS,POLICY_DEPENDENT,pillar_policy;actor_authorization;tenant_scope;audit
143,Sustainability OS,HIGH,POLICY,REFRAME,ELIGIBLE_FOR_POLICY_EVALUATION,PILLARS_OS,POLICY_DEPENDENT,pillar_policy;actor_authorization;tenant_scope;audit
144,Resource-Recovery OS,CRITICAL,SHARED_SERVICE,REFRAME,ELIGIBLE_FOR_POLICY_EVALUATION,PILLARS_OS,EXPLICIT_APPROVAL_REQUIRED,pillar_policy;actor_authorization;tenant_scope;audit;explicit_approval
145,Disaster-Recovery OS,CRITICAL,POLICY,KEEP,ELIGIBLE_FOR_POLICY_EVALUATION,PILLARS_OS,EXPLICIT_APPROVAL_REQUIRED,pillar_policy;actor_authorization;tenant_scope;audit;explicit_approval
146,Maintenance OS,HIGH,SHARED_SERVICE,REFRAME,ELIGIBLE_FOR_POLICY_EVALUATION,PILLARS_OS,POLICY_DEPENDENT,pillar_policy;actor_authorization;tenant_scope;audit
147,Quality-Control OS,HIGH,SHARED_SERVICE,REFRAME,ELIGIBLE_FOR_POLICY_EVALUATION,PILLARS_OS,POLICY_DEPENDENT,pillar_policy;actor_authorization;tenant_scope;audit
148,Safety OS,CRITICAL,POLICY,REFRAME,ELIGIBLE_FOR_POLICY_EVALUATION,PILLARS_OS,EXPLICIT_APPROVAL_REQUIRED,pillar_policy;actor_authorization;tenant_scope;audit;explicit_approval
149,Hazard-Check OS,CRITICAL,AUTOMATION,REFRAME,ELIGIBLE_FOR_POLICY_EVALUATION,PILLARS_OS,EXPLICIT_APPROVAL_REQUIRED,pillar_policy;actor_authorization;tenant_scope;audit;explicit_approval;bounded_automation
150,Field-Agent OS,CRITICAL,AUTOMATION,REFRAME,ELIGIBLE_FOR_POLICY_EVALUATION,PILLARS_OS,EXPLICIT_APPROVAL_REQUIRED,pillar_policy;actor_authorization;tenant_scope;audit;explicit_approval;bounded_automation
151,Health OS,CRITICAL,DATA_PRODUCT,REFRAME,ELIGIBLE_FOR_POLICY_EVALUATION,PILLARS_OS,EXPLICIT_APPROVAL_REQUIRED,pillar_policy;actor_authorization;tenant_scope;audit;explicit_approval;data_governance
152,Biology OS,CRITICAL,R&D,REFRAME,RESEARCH_ONLY,PILLARS_OS,EXPLICIT_APPROVAL_REQUIRED,pillar_policy;actor_authorization;tenant_scope;audit;explicit_approval;research_boundary
153,Bio-Metric OS,CRITICAL,CORE,REFRAME,ELIGIBLE_FOR_POLICY_EVALUATION,PILLARS_OS,EXPLICIT_APPROVAL_REQUIRED,pillar_policy;actor_authorization;tenant_scope;audit;explicit_approval
154,Nootropic OS,CRITICAL,RETIRED_REFRAMED,REFRAME,CANONICAL_REFRAME_ONLY,PILLARS_OS,EXPLICIT_APPROVAL_REQUIRED,pillar_policy;actor_authorization;tenant_scope;audit;explicit_approval;canonical_reframe_only;data_governance
155,Peak-Flow OS,MEDIUM,PRODUCT,REFRAME,ELIGIBLE_FOR_POLICY_EVALUATION,PILLARS_OS,STANDARD,pillar_policy;actor_authorization;tenant_scope;audit
156,Circadian OS,HIGH,DATA_PRODUCT,REFRAME,ELIGIBLE_FOR_POLICY_EVALUATION,PILLARS_OS,POLICY_DEPENDENT,pillar_policy;actor_authorization;tenant_scope;audit;data_governance
157,Sleep OS,HIGH,DATA_PRODUCT,REFRAME,ELIGIBLE_FOR_POLICY_EVALUATION,PILLARS_OS,POLICY_DEPENDENT,pillar_policy;actor_authorization;tenant_scope;audit;data_governance
158,Nutrition OS,HIGH,DATA_PRODUCT,REFRAME,ELIGIBLE_FOR_POLICY_EVALUATION,PILLARS_OS,POLICY_DEPENDENT,pillar_policy;actor_authorization;tenant_scope;audit;data_governance
159,Exercise OS,HIGH,DATA_PRODUCT,REFRAME,ELIGIBLE_FOR_POLICY_EVALUATION,PILLARS_OS,POLICY_DEPENDENT,pillar_policy;actor_authorization;tenant_scope;audit;data_governance
160,Longevity OS,CRITICAL,R&D,REFRAME,RESEARCH_ONLY,PILLARS_OS,EXPLICIT_APPROVAL_REQUIRED,pillar_policy;actor_authorization;tenant_scope;audit;explicit_approval;research_boundary
161,Mental-Health OS,CRITICAL,DATA_PRODUCT,REFRAME,ELIGIBLE_FOR_POLICY_EVALUATION,PILLARS_OS,EXPLICIT_APPROVAL_REQUIRED,pillar_policy;actor_authorization;tenant_scope;audit;explicit_approval;data_governance
162,Resilience OS,HIGH,DATA_PRODUCT,REFRAME,ELIGIBLE_FOR_POLICY_EVALUATION,PILLARS_OS,POLICY_DEPENDENT,pillar_policy;actor_authorization;tenant_scope;audit;data_governance
163,Stoic OS,MEDIUM,DATA_PRODUCT,REFRAME,ELIGIBLE_FOR_POLICY_EVALUATION,PILLARS_OS,STANDARD,pillar_policy;actor_authorization;tenant_scope;audit;data_governance
164,Meditation OS,MEDIUM,DATA_PRODUCT,REFRAME,ELIGIBLE_FOR_POLICY_EVALUATION,PILLARS_OS,STANDARD,pillar_policy;actor_authorization;tenant_scope;audit;data_governance
165,Focus OS,MEDIUM,PRODUCT,KEEP,ELIGIBLE_FOR_POLICY_EVALUATION,PILLARS_OS,STANDARD,pillar_policy;actor_authorization;tenant_scope;audit
166,Language OS,HIGH,SHARED_SERVICE,REFRAME,ELIGIBLE_FOR_POLICY_EVALUATION,PILLARS_OS,POLICY_DEPENDENT,pillar_policy;actor_authorization;tenant_scope;audit;data_governance
167,Sepedi OS,HIGH,SHARED_SERVICE,KEEP,ELIGIBLE_FOR_POLICY_EVALUATION,PILLARS_OS,POLICY_DEPENDENT,pillar_policy;actor_authorization;tenant_scope;audit;data_governance
168,Translation OS,HIGH,SHARED_SERVICE,REFRAME,ELIGIBLE_FOR_POLICY_EVALUATION,PILLARS_OS,POLICY_DEPENDENT,pillar_policy;actor_authorization;tenant_scope;audit;data_governance
169,Linguistic-Moat OS,HIGH,RETIRED_REFRAMED,REFRAME,CANONICAL_REFRAME_ONLY,PILLARS_OS,POLICY_DEPENDENT,pillar_policy;actor_authorization;tenant_scope;audit;canonical_reframe_only;data_governance
170,Semantic OS,HIGH,DATA_PRODUCT,REFRAME,ELIGIBLE_FOR_POLICY_EVALUATION,PILLARS_OS,POLICY_DEPENDENT,pillar_policy;actor_authorization;tenant_scope;audit;data_governance
171,Manipulation OS,CRITICAL,RETIRED_REFRAMED,REFRAME,CANONICAL_REFRAME_ONLY,PILLARS_OS,EXPLICIT_APPROVAL_REQUIRED,pillar_policy;actor_authorization;tenant_scope;audit;explicit_approval;canonical_reframe_only;data_governance
172,Persuasion OS,HIGH,RETIRED_REFRAMED,REFRAME,CANONICAL_REFRAME_ONLY,PILLARS_OS,POLICY_DEPENDENT,pillar_policy;actor_authorization;tenant_scope;audit;canonical_reframe_only;data_governance
173,Rhetoric OS,HIGH,SHARED_SERVICE,REFRAME,ELIGIBLE_FOR_POLICY_EVALUATION,PILLARS_OS,POLICY_DEPENDENT,pillar_policy;actor_authorization;tenant_scope;audit;data_governance
174,Diplomacy OS,HIGH,SHARED_SERVICE,REFRAME,ELIGIBLE_FOR_POLICY_EVALUATION,PILLARS_OS,POLICY_DEPENDENT,pillar_policy;actor_authorization;tenant_scope;audit;data_governance
175,Negotiation OS,HIGH,SHARED_SERVICE,REFRAME,ELIGIBLE_FOR_POLICY_EVALUATION,PILLARS_OS,POLICY_DEPENDENT,pillar_policy;actor_authorization;tenant_scope;audit
176,Conflict-Resolution OS,HIGH,SHARED_SERVICE,KEEP,ELIGIBLE_FOR_POLICY_EVALUATION,PILLARS_OS,POLICY_DEPENDENT,pillar_policy;actor_authorization;tenant_scope;audit
177,Arbitration OS,CRITICAL,SHARED_SERVICE,REFRAME,ELIGIBLE_FOR_POLICY_EVALUATION,PILLARS_OS,EXPLICIT_APPROVAL_REQUIRED,pillar_policy;actor_authorization;tenant_scope;audit;explicit_approval
178,Court OS,CRITICAL,SHARED_SERVICE,REFRAME,ELIGIBLE_FOR_POLICY_EVALUATION,PILLARS_OS,EXPLICIT_APPROVAL_REQUIRED,pillar_policy;actor_authorization;tenant_scope;audit;explicit_approval
179,Law-Fare OS,CRITICAL,RETIRED_REFRAMED,REFRAME,CANONICAL_REFRAME_ONLY,PILLARS_OS,EXPLICIT_APPROVAL_REQUIRED,pillar_policy;actor_authorization;tenant_scope;audit;explicit_approval;canonical_reframe_only
180,Evidence OS,CRITICAL,CORE,KEEP,ELIGIBLE_FOR_POLICY_EVALUATION,PILLARS_OS,EXPLICIT_APPROVAL_REQUIRED,pillar_policy;actor_authorization;tenant_scope;audit;explicit_approval
181,Media OS,HIGH,PRODUCT,REFRAME,ELIGIBLE_FOR_POLICY_EVALUATION,PILLARS_OS,POLICY_DEPENDENT,pillar_policy;actor_authorization;tenant_scope;audit;data_governance
182,Broadcasting OS,HIGH,PRODUCT,REFRAME,ELIGIBLE_FOR_POLICY_EVALUATION,PILLARS_OS,POLICY_DEPENDENT,pillar_policy;actor_authorization;tenant_scope;audit;data_governance
183,Cinema OS,MEDIUM,PRODUCT,REFRAME,ELIGIBLE_FOR_POLICY_EVALUATION,PILLARS_OS,STANDARD,pillar_policy;actor_authorization;tenant_scope;audit;data_governance
184,Music OS,MEDIUM,PRODUCT,REFRAME,ELIGIBLE_FOR_POLICY_EVALUATION,PILLARS_OS,STANDARD,pillar_policy;actor_authorization;tenant_scope;audit;data_governance
185,Audio-Prime OS,HIGH,RETIRED_REFRAMED,REFRAME,CANONICAL_REFRAME_ONLY,PILLARS_OS,POLICY_DEPENDENT,pillar_policy;actor_authorization;tenant_scope;audit;canonical_reframe_only;data_governance
186,Video OS,HIGH,PRODUCT,KEEP,ELIGIBLE_FOR_POLICY_EVALUATION,PILLARS_OS,POLICY_DEPENDENT,pillar_policy;actor_authorization;tenant_scope;audit;data_governance
187,Picture OS,CRITICAL,DATA_PRODUCT,REFRAME,ELIGIBLE_FOR_POLICY_EVALUATION,PILLARS_OS,EXPLICIT_APPROVAL_REQUIRED,pillar_policy;actor_authorization;tenant_scope;audit;explicit_approval;data_governance
188,Design OS,HIGH,SHARED_SERVICE,KEEP,ELIGIBLE_FOR_POLICY_EVALUATION,PILLARS_OS,POLICY_DEPENDENT,pillar_policy;actor_authorization;tenant_scope;audit
189,Aesthetic OS,MEDIUM,POLICY,REFRAME,ELIGIBLE_FOR_POLICY_EVALUATION,PILLARS_OS,STANDARD,pillar_policy;actor_authorization;tenant_scope;audit
190,Art OS,MEDIUM,PRODUCT,REFRAME,ELIGIBLE_FOR_POLICY_EVALUATION,PILLARS_OS,STANDARD,pillar_policy;actor_authorization;tenant_scope;audit;data_governance
191,Retail OS,HIGH,PRODUCT,REFRAME,ELIGIBLE_FOR_POLICY_EVALUATION,PILLARS_OS,POLICY_DEPENDENT,pillar_policy;actor_authorization;tenant_scope;audit
192,POS OS,CRITICAL,PRODUCT,REFRAME,ELIGIBLE_FOR_POLICY_EVALUATION,PILLARS_OS,EXPLICIT_APPROVAL_REQUIRED,pillar_policy;actor_authorization;tenant_scope;audit;explicit_approval
193,Consumer-Hive OS,HIGH,RETIRED_REFRAMED,REFRAME,CANONICAL_REFRAME_ONLY,PILLARS_OS,POLICY_DEPENDENT,pillar_policy;actor_authorization;tenant_scope;audit;canonical_reframe_only
194,Shopping OS,HIGH,PRODUCT,REFRAME,ELIGIBLE_FOR_POLICY_EVALUATION,PILLARS_OS,POLICY_DEPENDENT,pillar_policy;actor_authorization;tenant_scope;audit
195,E-commerce OS,CRITICAL,PRODUCT,KEEP,ELIGIBLE_FOR_POLICY_EVALUATION,PILLARS_OS,EXPLICIT_APPROVAL_REQUIRED,pillar_policy;actor_authorization;tenant_scope;audit;explicit_approval
196,Payment-Gateway OS,CRITICAL,CORE,REFRAME,ELIGIBLE_FOR_POLICY_EVALUATION,PILLARS_OS,EXPLICIT_APPROVAL_REQUIRED,pillar_policy;actor_authorization;tenant_scope;audit;explicit_approval
197,Ecosystem OS,HIGH,SHARED_SERVICE,REFRAME,ELIGIBLE_FOR_POLICY_EVALUATION,PILLARS_OS,POLICY_DEPENDENT,pillar_policy;actor_authorization;tenant_scope;audit
198,Platform OS,CRITICAL,CORE,REFRAME,ELIGIBLE_FOR_POLICY_EVALUATION,PILLARS_OS,EXPLICIT_APPROVAL_REQUIRED,pillar_policy;actor_authorization;tenant_scope;audit;explicit_approval
199,Membership OS,HIGH,PRODUCT,REFRAME,ELIGIBLE_FOR_POLICY_EVALUATION,PILLARS_OS,POLICY_DEPENDENT,pillar_policy;actor_authorization;tenant_scope;audit;data_governance
200,Loyalty OS,HIGH,PRODUCT,REFRAME,ELIGIBLE_FOR_POLICY_EVALUATION,PILLARS_OS,POLICY_DEPENDENT,pillar_policy;actor_authorization;tenant_scope;audit;data_governance
201,Data OS,CRITICAL,CORE,KEEP,ELIGIBLE_FOR_POLICY_EVALUATION,PILLARS_OS,EXPLICIT_APPROVAL_REQUIRED,pillar_policy;actor_authorization;tenant_scope;audit;explicit_approval;data_governance
202,Vector-DB OS,HIGH,SHARED_SERVICE,KEEP,ELIGIBLE_FOR_POLICY_EVALUATION,PILLARS_OS,POLICY_DEPENDENT,pillar_policy;actor_authorization;tenant_scope;audit;data_governance
203,RAG OS,HIGH,SHARED_SERVICE,REFRAME,ELIGIBLE_FOR_POLICY_EVALUATION,PILLARS_OS,POLICY_DEPENDENT,pillar_policy;actor_authorization;tenant_scope;audit;data_governance
204,Inference OS,CRITICAL,SHARED_SERVICE,REFRAME,ELIGIBLE_FOR_POLICY_EVALUATION,PILLARS_OS,EXPLICIT_APPROVAL_REQUIRED,pillar_policy;actor_authorization;tenant_scope;audit;explicit_approval;data_governance
205,Model-Train OS,CRITICAL,R&D,REFRAME,RESEARCH_ONLY,PILLARS_OS,EXPLICIT_APPROVAL_REQUIRED,pillar_policy;actor_authorization;tenant_scope;audit;explicit_approval;research_boundary;data_governance
206,Android OS,HIGH,PRODUCT,REFRAME,ELIGIBLE_FOR_POLICY_EVALUATION,PILLARS_OS,POLICY_DEPENDENT,pillar_policy;actor_authorization;tenant_scope;audit
207,iOS OS,HIGH,PRODUCT,REFRAME,ELIGIBLE_FOR_POLICY_EVALUATION,PILLARS_OS,POLICY_DEPENDENT,pillar_policy;actor_authorization;tenant_scope;audit
208,Mobile-Engine OS,HIGH,SHARED_SERVICE,KEEP,ELIGIBLE_FOR_POLICY_EVALUATION,PILLARS_OS,POLICY_DEPENDENT,pillar_policy;actor_authorization;tenant_scope;audit
209,Web-Sovereign OS,HIGH,R&D,REFRAME,RESEARCH_ONLY,PILLARS_OS,POLICY_DEPENDENT,pillar_policy;actor_authorization;tenant_scope;audit;research_boundary
210,Interface OS,HIGH,SHARED_SERVICE,REFRAME,ELIGIBLE_FOR_POLICY_EVALUATION,PILLARS_OS,POLICY_DEPENDENT,pillar_policy;actor_authorization;tenant_scope;audit
211,Dynamic OS,HIGH,AUTOMATION,REFRAME,ELIGIBLE_FOR_POLICY_EVALUATION,PILLARS_OS,POLICY_DEPENDENT,pillar_policy;actor_authorization;tenant_scope;audit;bounded_automation
212,Payments OS,CRITICAL,CORE,REFRAME,ELIGIBLE_FOR_POLICY_EVALUATION,PILLARS_OS,EXPLICIT_APPROVAL_REQUIRED,pillar_policy;actor_authorization;tenant_scope;audit;explicit_approval
213,Checkout OS,CRITICAL,PRODUCT,REFRAME,ELIGIBLE_FOR_POLICY_EVALUATION,PILLARS_OS,EXPLICIT_APPROVAL_REQUIRED,pillar_policy;actor_authorization;tenant_scope;audit;explicit_approval
214,Billing OS,CRITICAL,CORE,REFRAME,ELIGIBLE_FOR_POLICY_EVALUATION,PILLARS_OS,EXPLICIT_APPROVAL_REQUIRED,pillar_policy;actor_authorization;tenant_scope;audit;explicit_approval
215,Pricing OS,HIGH,PRODUCT,REFRAME,ELIGIBLE_FOR_POLICY_EVALUATION,PILLARS_OS,POLICY_DEPENDENT,pillar_policy;actor_authorization;tenant_scope;audit
216,University OS,HIGH,PRODUCT,REFRAME,ELIGIBLE_FOR_POLICY_EVALUATION,PILLARS_OS,POLICY_DEPENDENT,pillar_policy;actor_authorization;tenant_scope;audit;data_governance
217,Pedagogy OS,HIGH,POLICY,REFRAME,ELIGIBLE_FOR_POLICY_EVALUATION,PILLARS_OS,POLICY_DEPENDENT,pillar_policy;actor_authorization;tenant_scope;audit;data_governance
218,Learning OS,HIGH,PRODUCT,KEEP,ELIGIBLE_FOR_POLICY_EVALUATION,PILLARS_OS,POLICY_DEPENDENT,pillar_policy;actor_authorization;tenant_scope;audit;data_governance
219,Talent-Forge OS,HIGH,PRODUCT,REFRAME,ELIGIBLE_FOR_POLICY_EVALUATION,PILLARS_OS,POLICY_DEPENDENT,pillar_policy;actor_authorization;tenant_scope;audit;data_governance
220,Elite-Track OS,CRITICAL,POLICY,REFRAME,ELIGIBLE_FOR_POLICY_EVALUATION,PILLARS_OS,EXPLICIT_APPROVAL_REQUIRED,pillar_policy;actor_authorization;tenant_scope;audit;explicit_approval;data_governance
221,Ethics OS,CRITICAL,POLICY,KEEP,ELIGIBLE_FOR_POLICY_EVALUATION,PILLARS_OS,EXPLICIT_APPROVAL_REQUIRED,pillar_policy;actor_authorization;tenant_scope;audit;explicit_approval
222,Philosophy OS,HIGH,POLICY,REFRAME,ELIGIBLE_FOR_POLICY_EVALUATION,PILLARS_OS,POLICY_DEPENDENT,pillar_policy;actor_authorization;tenant_scope;audit
223,Theology OS,HIGH,RETIRED_REFRAMED,REFRAME,CANONICAL_REFRAME_ONLY,PILLARS_OS,POLICY_DEPENDENT,pillar_policy;actor_authorization;tenant_scope;audit;canonical_reframe_only;data_governance
224,Mythos OS,HIGH,RETIRED_REFRAMED,REFRAME,CANONICAL_REFRAME_ONLY,PILLARS_OS,POLICY_DEPENDENT,pillar_policy;actor_authorization;tenant_scope;audit;canonical_reframe_only;data_governance
225,Occult OS,HIGH,RETIRED_REFRAMED,REFRAME,CANONICAL_REFRAME_ONLY,PILLARS_OS,POLICY_DEPENDENT,pillar_policy;actor_authorization;tenant_scope;audit;canonical_reframe_only;data_governance
226,Globalisation OS,HIGH,SHARED_SERVICE,REFRAME,ELIGIBLE_FOR_POLICY_EVALUATION,PILLARS_OS,POLICY_DEPENDENT,pillar_policy;actor_authorization;tenant_scope;audit
227,Geopolitics OS,HIGH,DATA_PRODUCT,REFRAME,ELIGIBLE_FOR_POLICY_EVALUATION,PILLARS_OS,POLICY_DEPENDENT,pillar_policy;actor_authorization;tenant_scope;audit;data_governance
228,Macro-Arbitrage OS,CRITICAL,DATA_PRODUCT,REFRAME,ELIGIBLE_FOR_POLICY_EVALUATION,PILLARS_OS,EXPLICIT_APPROVAL_REQUIRED,pillar_policy;actor_authorization;tenant_scope;audit;explicit_approval
229,China OS,HIGH,DATA_PRODUCT,REFRAME,ELIGIBLE_FOR_POLICY_EVALUATION,PILLARS_OS,POLICY_DEPENDENT,pillar_policy;actor_authorization;tenant_scope;audit;data_governance
230,USA OS,HIGH,DATA_PRODUCT,REFRAME,ELIGIBLE_FOR_POLICY_EVALUATION,PILLARS_OS,POLICY_DEPENDENT,pillar_policy;actor_authorization;tenant_scope;audit;data_governance
231,South Africa OS,CRITICAL,DATA_PRODUCT,REFRAME,ELIGIBLE_FOR_POLICY_EVALUATION,PILLARS_OS,EXPLICIT_APPROVAL_REQUIRED,pillar_policy;actor_authorization;tenant_scope;audit;explicit_approval
232,Europe OS,HIGH,DATA_PRODUCT,REFRAME,ELIGIBLE_FOR_POLICY_EVALUATION,PILLARS_OS,POLICY_DEPENDENT,pillar_policy;actor_authorization;tenant_scope;audit
233,UAE OS,HIGH,DATA_PRODUCT,REFRAME,ELIGIBLE_FOR_POLICY_EVALUATION,PILLARS_OS,POLICY_DEPENDENT,pillar_policy;actor_authorization;tenant_scope;audit
234,Saudi Arabia OS,HIGH,DATA_PRODUCT,REFRAME,ELIGIBLE_FOR_POLICY_EVALUATION,PILLARS_OS,POLICY_DEPENDENT,pillar_policy;actor_authorization;tenant_scope;audit;data_governance
235,Sovereign-Wealth OS,CRITICAL,R&D,REFRAME,RESEARCH_ONLY,PILLARS_OS,EXPLICIT_APPROVAL_REQUIRED,pillar_policy;actor_authorization;tenant_scope;audit;explicit_approval;research_boundary
236,Wall Street OS,HIGH,DATA_PRODUCT,REFRAME,ELIGIBLE_FOR_POLICY_EVALUATION,PILLARS_OS,POLICY_DEPENDENT,pillar_policy;actor_authorization;tenant_scope;audit
237,JSE OS,HIGH,DATA_PRODUCT,REFRAME,ELIGIBLE_FOR_POLICY_EVALUATION,PILLARS_OS,POLICY_DEPENDENT,pillar_policy;actor_authorization;tenant_scope;audit
238,S&P 500 OS,HIGH,DATA_PRODUCT,REFRAME,ELIGIBLE_FOR_POLICY_EVALUATION,PILLARS_OS,POLICY_DEPENDENT,pillar_policy;actor_authorization;tenant_scope;audit
239,Hedge Fund OS,CRITICAL,R&D,REFRAME,RESEARCH_ONLY,PILLARS_OS,EXPLICIT_APPROVAL_REQUIRED,pillar_policy;actor_authorization;tenant_scope;audit;explicit_approval;research_boundary
240,Blackrock OS,HIGH,DATA_PRODUCT,REFRAME,ELIGIBLE_FOR_POLICY_EVALUATION,PILLARS_OS,POLICY_DEPENDENT,pillar_policy;actor_authorization;tenant_scope;audit
241,Trading OS,CRITICAL,R&D,REFRAME,RESEARCH_ONLY,PILLARS_OS,EXPLICIT_APPROVAL_REQUIRED,pillar_policy;actor_authorization;tenant_scope;audit;explicit_approval;research_boundary
242,Portfolio OS,CRITICAL,PRODUCT,KEEP,ELIGIBLE_FOR_POLICY_EVALUATION,PILLARS_OS,EXPLICIT_APPROVAL_REQUIRED,pillar_policy;actor_authorization;tenant_scope;audit;explicit_approval
243,Yield OS,HIGH,DATA_PRODUCT,REFRAME,ELIGIBLE_FOR_POLICY_EVALUATION,PILLARS_OS,POLICY_DEPENDENT,pillar_policy;actor_authorization;tenant_scope;audit
244,Risk OS,CRITICAL,CORE,KEEP,ELIGIBLE_FOR_POLICY_EVALUATION,PILLARS_OS,EXPLICIT_APPROVAL_REQUIRED,pillar_policy;actor_authorization;tenant_scope;audit;explicit_approval
245,Monte-Carlo OS,HIGH,DATA_PRODUCT,KEEP,ELIGIBLE_FOR_POLICY_EVALUATION,PILLARS_OS,POLICY_DEPENDENT,pillar_policy;actor_authorization;tenant_scope;audit;data_governance
246,Social Media OS,HIGH,PRODUCT,REFRAME,ELIGIBLE_FOR_POLICY_EVALUATION,PILLARS_OS,POLICY_DEPENDENT,pillar_policy;actor_authorization;tenant_scope;audit;data_governance
247,Community OS,HIGH,PRODUCT,REFRAME,ELIGIBLE_FOR_POLICY_EVALUATION,PILLARS_OS,POLICY_DEPENDENT,pillar_policy;actor_authorization;tenant_scope;audit;data_governance
248,Engagement OS,HIGH,DATA_PRODUCT,REFRAME,ELIGIBLE_FOR_POLICY_EVALUATION,PILLARS_OS,POLICY_DEPENDENT,pillar_policy;actor_authorization;tenant_scope;audit;data_governance
249,Influencer OS,HIGH,PRODUCT,REFRAME,ELIGIBLE_FOR_POLICY_EVALUATION,PILLARS_OS,POLICY_DEPENDENT,pillar_policy;actor_authorization;tenant_scope;audit;data_governance
250,Network OS,CRITICAL,DATA_PRODUCT,REFRAME,ELIGIBLE_FOR_POLICY_EVALUATION,PILLARS_OS,EXPLICIT_APPROVAL_REQUIRED,pillar_policy;actor_authorization;tenant_scope;audit;explicit_approval;data_governance
251,Tendering System OS,CRITICAL,PRODUCT,REFRAME,ELIGIBLE_FOR_POLICY_EVALUATION,PILLARS_OS,EXPLICIT_APPROVAL_REQUIRED,pillar_policy;actor_authorization;tenant_scope;audit;explicit_approval
252,Bidding OS,CRITICAL,DATA_PRODUCT,REFRAME,ELIGIBLE_FOR_POLICY_EVALUATION,PILLARS_OS,EXPLICIT_APPROVAL_REQUIRED,pillar_policy;actor_authorization;tenant_scope;audit;explicit_approval
253,Compliance-Audit OS,CRITICAL,SHARED_SERVICE,KEEP,ELIGIBLE_FOR_POLICY_EVALUATION,PILLARS_OS,EXPLICIT_APPROVAL_REQUIRED,pillar_policy;actor_authorization;tenant_scope;audit;explicit_approval
254,Public-Sector OS,CRITICAL,RETIRED_REFRAMED,REFRAME,CANONICAL_REFRAME_ONLY,PILLARS_OS,EXPLICIT_APPROVAL_REQUIRED,pillar_policy;actor_authorization;tenant_scope;audit;explicit_approval;canonical_reframe_only
255,Private-Sector OS,CRITICAL,DATA_PRODUCT,REFRAME,ELIGIBLE_FOR_POLICY_EVALUATION,PILLARS_OS,EXPLICIT_APPROVAL_REQUIRED,pillar_policy;actor_authorization;tenant_scope;audit;explicit_approval
256,Contracts OS,CRITICAL,SHARED_SERVICE,REFRAME,ELIGIBLE_FOR_POLICY_EVALUATION,PILLARS_OS,EXPLICIT_APPROVAL_REQUIRED,pillar_policy;actor_authorization;tenant_scope;audit;explicit_approval
257,Smart-Contract OS,CRITICAL,R&D,REFRAME,RESEARCH_ONLY,PILLARS_OS,EXPLICIT_APPROVAL_REQUIRED,pillar_policy;actor_authorization;tenant_scope;audit;explicit_approval;research_boundary
258,Escrow OS,CRITICAL,INTEGRATION,REFRAME,ELIGIBLE_FOR_POLICY_EVALUATION,PILLARS_OS,EXPLICIT_APPROVAL_REQUIRED,pillar_policy;actor_authorization;tenant_scope;audit;explicit_approval;connector_scope
259,Dispute OS,CRITICAL,RETIRED_REFRAMED,REFRAME,CANONICAL_REFRAME_ONLY,PILLARS_OS,EXPLICIT_APPROVAL_REQUIRED,pillar_policy;actor_authorization;tenant_scope;audit;explicit_approval;canonical_reframe_only
260,Terminal OS,CRITICAL,CORE,REFRAME,ELIGIBLE_FOR_POLICY_EVALUATION,PILLARS_OS,EXPLICIT_APPROVAL_REQUIRED,pillar_policy;actor_authorization;tenant_scope;audit;explicit_approval
261,Statistics OS,HIGH,SHARED_SERVICE,KEEP,ELIGIBLE_FOR_POLICY_EVALUATION,PILLARS_OS,POLICY_DEPENDENT,pillar_policy;actor_authorization;tenant_scope;audit;data_governance
262,Mathematics OS,HIGH,SHARED_SERVICE,REFRAME,ELIGIBLE_FOR_POLICY_EVALUATION,PILLARS_OS,POLICY_DEPENDENT,pillar_policy;actor_authorization;tenant_scope;audit;data_governance
263,Calculus OS,HIGH,DATA_PRODUCT,REFRAME,ELIGIBLE_FOR_POLICY_EVALUATION,PILLARS_OS,POLICY_DEPENDENT,pillar_policy;actor_authorization;tenant_scope;audit;data_governance
264,Game-Theory-Meta OS,HIGH,DATA_PRODUCT,REFRAME,ELIGIBLE_FOR_POLICY_EVALUATION,PILLARS_OS,POLICY_DEPENDENT,pillar_policy;actor_authorization;tenant_scope;audit;data_governance
265,Solutions OS,HIGH,SHARED_SERVICE,REFRAME,ELIGIBLE_FOR_POLICY_EVALUATION,PILLARS_OS,POLICY_DEPENDENT,pillar_policy;actor_authorization;tenant_scope;audit;data_governance
266,Pragmatic OS,CRITICAL,POLICY,REFRAME,ELIGIBLE_FOR_POLICY_EVALUATION,PILLARS_OS,EXPLICIT_APPROVAL_REQUIRED,pillar_policy;actor_authorization;tenant_scope;audit;explicit_approval
267,Religion OS,HIGH,RETIRED_REFRAMED,REFRAME,CANONICAL_REFRAME_ONLY,PILLARS_OS,POLICY_DEPENDENT,pillar_policy;actor_authorization;tenant_scope;audit;canonical_reframe_only;data_governance
268,Events OS,HIGH,PRODUCT,REFRAME,ELIGIBLE_FOR_POLICY_EVALUATION,PILLARS_OS,POLICY_DEPENDENT,pillar_policy;actor_authorization;tenant_scope;audit;data_governance
269,Records OS,CRITICAL,CORE,KEEP,ELIGIBLE_FOR_POLICY_EVALUATION,PILLARS_OS,EXPLICIT_APPROVAL_REQUIRED,pillar_policy;actor_authorization;tenant_scope;audit;explicit_approval;data_governance
